"UTC"	"LocalTime"	"GCounter..ml."	"GCounter..bar."	"GCounter...C."	"pH..pH."	"pH...C."	"RedOx..mV."	"RedOx...C."
2024-10-27 05:30:00	2024-10-27 07:30:00	48.1153422269355	0.61428798613475	30.35846343831	5.68322678965532	50.2224653384957	-891.9586537463	40.2503412850055
2024-10-27 05:40:00	2024-10-27 07:40:00	49.2675141899973	0.614221520355335	30.3350680036795	5.68325214791993	50.2377610336626	-891.611043879188	40.2495294244613
2024-10-27 05:50:00	2024-10-27 07:50:00	50.6291719645248	0.614092655252792	30.3412697185267	5.6832465749096	50.2315404800304	-890.854648460511	40.2497009877325
2024-10-27 06:00:00	2024-10-27 08:00:00	50.6291719645248	0.614034833210489	30.3425100614961	5.68343005079398	50.2396382809974	-890.751447109558	40.2525060576641
2024-10-27 06:10:00	2024-10-27 08:10:00	50.6291719645248	0.614022674121703	30.3611152060378	5.68406686010715	50.2260366907207	-890.737401557672	40.2446994481992
2024-10-27 06:20:00	2024-10-27 08:20:00	50.6291719645248	0.613962250352979	30.3635958919767	5.68410327044128	50.2192588968506	-890.714935745261	40.2450968647998
2024-10-27 06:30:00	2024-10-27 08:30:00	50.6291719645248	0.613883305736712	30.3635958919767	5.68368706335615	50.245542030177	-890.718972863235	40.2503344655182
2024-10-27 06:40:00	2024-10-27 08:40:00	50.6291719645248	0.613801845954634	30.3635958919767	5.68375935378187	50.2453686966193	-890.743244296179	40.2512401673061
2024-10-27 06:50:00	2024-10-27 08:50:00	50.6291719645248	0.613768076607614	30.3660765779157	5.68398109767048	50.2330797676211	-890.773009989919	40.2489712273726
2024-10-27 07:00:00	2024-10-27 09:00:00	50.6291719645248	0.613733245331443	30.3722782927628	5.6841002981691	50.2056517841855	-890.824330895533	40.2394818350699
2024-10-27 07:10:00	2024-10-27 09:10:00	50.7391520155443	0.613715404921696	30.4516602428073	5.68438161134586	50.192779878536	-891.071326937255	40.2184553665499
2024-10-27 07:20:00	2024-10-27 09:20:00	54.2739675195069	0.613697883090695	30.5124370483099	5.68480807048042	50.1874098768975	-891.242262359095	40.1999216851938
2024-10-27 07:30:00	2024-10-27 09:30:00	56.9126015772877	0.613648875060351	30.5173984201877	5.68494621921415	50.1873392320057	-891.710802988543	40.1987605299289
2024-10-27 07:40:00	2024-10-27 09:40:00	56.9126015772877	0.613607194341151	30.5471666514543	5.68510783651359	50.1847032293581	-891.935749135885	40.1813794779162
2024-10-27 07:50:00	2024-10-27 09:50:00	56.9126015772877	0.613544646714123	30.6029820850793	5.68501024691055	50.1872622311576	-891.063085261534	40.2042638450123
2024-10-27 08:00:00	2024-10-27 10:00:00	56.9126015772877	0.613553911376688	30.6312598201726	5.68535909133913	50.1846570819104	-890.773527109938	40.178454879315
2024-10-27 08:10:00	2024-10-27 10:10:00	56.9126015772877	0.613618132211413	30.6029820850793	5.68540729293507	50.1857454499041	-890.749913801744	40.1860008198665
2024-10-27 08:20:00	2024-10-27 10:20:00	56.9126015772877	0.613635813331786	30.5806559116293	5.68589245444505	50.1901638294234	-890.781873463095	40.2275117757858
2024-10-27 08:30:00	2024-10-27 10:30:00	56.9126015772877	0.613604220939527	30.5632911100572	5.68626535075815	50.1858476661855	-890.87797301368	40.2279159629711
2024-10-27 08:40:00	2024-10-27 10:40:00	56.9126015772877	0.613586699108526	30.5521280233322	5.68649557800692	50.1905945236126	-891.158174131305	40.2303761928173
2024-10-27 08:50:00	2024-10-27 10:50:00	56.9126015772877	0.613612079215249	30.5173984201877	5.68647514363573	50.1861618692405	-891.800217956534	40.2329543645762
2024-10-27 09:00:00	2024-10-27 11:00:00	56.9126015772877	0.613556115548961	30.5223597920655	5.68666122025826	50.1843901203613	-891.531082728029	40.2295668989848
2024-10-27 09:10:00	2024-10-27 11:10:00	56.9126015772877	0.613510771174189	30.5335228787905	5.68651341163997	50.1853073057005	-891.444418018014	40.2307896582111
2024-10-27 09:20:00	2024-10-27 11:20:00	56.9126015772877	0.613546415406206	30.6200029259961	5.68630147645767	50.1919862464561	-891.209166295658	40.2417473075285
2024-10-27 09:30:00	2024-10-27 11:30:00	56.9126015772877	0.61358813271288	30.6389520311932	5.6858156088249	50.2106235486906	-890.813919297463	40.2535483515542
2024-10-27 09:40:00	2024-10-27 11:40:00	58.0882500695851	0.613600928959157	30.6240679155599	5.6858094165912	50.2100565661262	-891.124560675886	40.2544003585811
2024-10-27 09:50:00	2024-10-27 11:50:00	59.4207076588259	0.613553566918997	30.6054627710182	5.68660660475708	50.1880055654615	-887.227633197058	40.2357650348679
2024-10-27 10:00:00	2024-10-27 12:00:00	59.4207076588259	0.613554097883573	30.5694928249043	5.68710371727809	50.1837248288655	-879.865580699251	40.223995585499
2024-10-27 10:10:00	2024-10-27 12:10:00	59.4207076588259	0.613587389362475	30.5583297381793	5.68686655472758	50.1873155795124	-881.333951620936	40.2365151069817
2024-10-27 10:20:00	2024-10-27 12:20:00	59.4207076588259	0.613593814033842	30.5521280233322	5.68669174797038	50.1885739546721	-881.340202868933	40.2379223855361
2024-10-27 10:30:00	2024-10-27 12:30:00	59.4207076588259	0.613565407429037	30.5422052795766	5.6867675409108	50.188685027614	-881.912773436034	40.2405605313009
2024-10-27 10:40:00	2024-10-27 12:40:00	59.4207076588259	0.613647282166623	30.5632911100572	5.68664363431457	50.1923870595949	-884.404942836282	40.2501317557314
2024-10-27 10:50:00	2024-10-27 12:50:00	59.4207076588259	0.613576238660195	30.6275075221137	5.68668237688326	50.199132533878	-884.463345538223	40.2495514968201
2024-10-27 11:00:00	2024-10-27 13:00:00	59.4207076588259	0.613573079644062	30.6525228425059	5.68665502698385	50.1922442497754	-884.475916136424	40.238792357195
2024-10-27 11:10:00	2024-10-27 13:10:00	59.4207076588259	0.613543319302684	30.6612782046432	5.68691002420812	50.1956262008209	-884.692375208762	40.2430632235792
2024-10-27 11:20:00	2024-10-27 13:20:00	59.4207076588259	0.613501213811825	30.6612782046432	5.68712241782385	50.2299304954499	-886.181678894994	40.2456390966828
2024-10-27 11:30:00	2024-10-27 13:30:00	59.4207076588259	0.613464364870265	30.6649992335515	5.68717257491677	50.2252185436847	-887.56611690828	40.2459049884078
2024-10-27 11:40:00	2024-10-27 13:40:00	59.4207076588259	0.613399869183289	30.6812904609569	5.68685677932403	50.2053580263133	-887.571653409659	40.2538120131094
2024-10-27 11:50:00	2024-10-27 13:50:00	59.4207076588259	0.613311792857634	30.6908004174696	5.68644739987	50.2424285949154	-887.581934396653	40.2573870858337
2024-10-27 12:00:00	2024-10-27 14:00:00	59.4207076588259	0.613255103414635	30.7007300774062	5.83192934113637	49.1558770321809	-833.561212378969	40.0543786867405
2024-10-27 13:20:00	2024-10-27 15:20:00	3511.42591416223	0.605116624764097	30.8240112022341	5.43039505911367	46.781755796364	-662.157405315256	36.6637792293209
2024-10-27 13:30:00	2024-10-27 15:30:00	4310.25998481369	0.613270138028443	31.2727672885788	5.43307909519315	47.67053556444	-678.227984600092	37.4622476994218
2024-10-27 13:40:00	2024-10-27 15:40:00	5232.82331656558	0.613239766854707	31.3943208995843	5.43712590567971	48.4871707684512	-699.75257957693	38.0987544567028
2024-10-27 13:50:00	2024-10-27 15:50:00	5618.95684087483	0.613327800781373	31.4067243292787	5.46144020666102	48.9169016134202	-725.081514259908	38.5804589848365
2024-10-27 14:00:00	2024-10-27 16:00:00	5672.06965735045	0.613357587894074	31.323621350326	5.47623531062799	49.3303454244603	-745.221404645999	38.9011711723365
2024-10-27 14:10:00	2024-10-27 16:10:00	5723.05653416038	0.613461763143844	31.2616042018538	5.47507209952842	49.6441101788431	-756.732878190897	39.1042269820308
2024-10-27 14:20:00	2024-10-27 16:20:00	5761.95867406098	0.61366785012801	31.256642829976	5.46444939547481	50.0406235110334	-765.589596231156	39.0933888058922
2024-10-27 14:30:00	2024-10-27 16:30:00	5792.48996074231	0.613772165034848	31.256642829976	5.46497646747944	49.8092238581337	-772.013143837698	39.082366435995
2024-10-27 14:40:00	2024-10-27 16:40:00	5813.72223137147	0.613843685963206	31.256642829976	5.46163897736262	50.1409011041328	-776.8280833836	39.1539848025911
2024-10-27 14:50:00	2024-10-27 16:50:00	1848.42083218182	0.613988214520735	31.2839303753038	5.46793177293262	50.034918605921	-780.121156370801	39.1759578573541
2024-10-27 15:00:00	2024-10-27 17:00:00	16.2099663019728	0.614176706945139	31.3385054659593	5.46292126511614	50.367207795061	-782.684526518717	39.1146415203919
2024-10-27 15:10:00	2024-10-27 17:10:00	27.9873521089605	0.614336845861196	31.376956098012	5.46498049243134	50.4894672722874	-784.915122470175	39.2443635397474
2024-10-27 15:20:00	2024-10-27 17:20:00	40.6228475099642	0.614413410953024	31.3955612425537	5.47693689070561	49.7947879704401	-785.599882766789	39.2923668594252
2024-10-27 15:30:00	2024-10-27 17:30:00	43.8818304894035	0.614491834420868	31.4030033003703	5.46648210910233	50.1957425877592	-788.132361382847	39.2915864450618
2024-10-27 15:40:00	2024-10-27 17:40:00	6.04119494925877	0.614600735255361	31.4054839863093	5.46719136754973	50.1048429823376	-788.708967784561	39.3128722436907
2024-10-27 15:50:00	2024-10-27 17:50:00	11.7580921961377	0.614710860877889	31.4054839863093	5.47276713680136	50.0086109782151	-788.707559375577	39.3321562440599
2024-10-27 16:00:00	2024-10-27 18:00:00	11.894902005141	0.614855173480078	31.4030033003703	5.47536053377393	49.8097459322197	-788.706960330193	39.3321817838936
2024-10-27 16:10:00	2024-10-27 18:10:00	12.4167086484551	0.615098461448703	31.3831578128593	5.46809308062037	50.0645049575145	-788.706944863241	39.330640723602
2024-10-27 16:20:00	2024-10-27 18:20:00	13.7003529910078	0.615244370514128	31.3161792925093	5.47290568464796	49.9671027919716	-788.644814767916	39.3683659614547
2024-10-27 16:30:00	2024-10-27 18:30:00	18.8453664940848	0.615388368107081	31.2888917471816	5.4752463489846	50.0338311643086	-788.707296573925	39.3321817838936
2024-10-27 16:40:00	2024-10-27 18:40:00	23.5423608197716	0.615498118484896	31.2665655737316	5.47769401511947	49.8997974863517	-788.703474937098	39.3321817838936
2024-10-27 16:50:00	2024-10-27 18:50:00	27.6807930908702	0.615590506321083	31.2665655737316	5.47133582956166	50.0116778952644	-788.616135270105	39.3323718199944
2024-10-27 17:00:00	2024-10-27 19:00:00	31.9041930360456	0.615636859528549	31.259123515915	5.47043461186972	50.1201175957782	-787.842424144027	39.3324508101485
2024-10-27 17:10:00	2024-10-27 19:10:00	32.5733265861118	0.61567762689944	31.2666489581329	5.46288539335024	50.2945260959468	-786.737873378797	39.4049285443852
2024-10-27 17:20:00	2024-10-27 19:20:00	32.5733265861118	0.615741034778318	31.2640848877927	5.46217999282054	50.4682879233075	-785.74329806233	39.3782411934941
2024-10-27 17:30:00	2024-10-27 19:30:00	32.5733265861118	0.615791157834273	31.2988144909371	5.47682320129497	49.8084517136342	-785.586381547626	39.3321761835334
2024-10-27 17:40:00	2024-10-27 19:40:00	32.5733265861118	0.615868944144625	31.3050162057843	5.46724517806054	49.8831642090961	-785.585081413857	39.3321704577921
2024-10-27 17:50:00	2024-10-27 19:50:00	32.5733265861118	0.616008747117429	31.2988144909371	5.46405518695033	50.1806182770566	-785.583991058746	39.3321817838936
2024-10-27 18:00:00	2024-10-27 20:00:00	32.5733265861118	0.616158903899461	31.2876514042121	5.45805683209252	50.4375588020226	-785.584227092228	39.3321817838936
2024-10-27 18:10:00	2024-10-27 20:10:00	32.5733265861118	0.61624051315476	31.29261277609	5.46833841691936	50.0459548905399	-785.584626633487	39.3539638830937
2024-10-27 18:20:00	2024-10-27 20:20:00	32.5733265861118	0.616341768099362	31.301295176876	5.46021042904923	50.3486602287905	-785.582941905514	39.4327382561237
2024-10-27 18:30:00	2024-10-27 20:30:00	32.5733265861118	0.616459270559983	31.3062565487537	5.45671020703091	50.4424870125974	-785.467578591456	39.6342846433818
2024-10-27 18:40:00	2024-10-27 20:40:00	32.5733265861118	0.61663958612992	31.3385054659593	5.4568677374561	50.4428075195106	-782.693758859198	39.6351259094195
2024-10-27 18:50:00	2024-10-27 20:50:00	32.5733265861118	0.616797310718817	31.3429456853289	5.46678906072836	49.8023874172354	-782.883251280945	39.560609129576
2024-10-27 19:00:00	2024-10-27 21:00:00	32.5733265861118	0.616886059885999	31.379436783951	5.45934884165294	50.1892692546174	-785.257699074764	39.3241935388681
2024-10-27 19:10:00	2024-10-27 21:10:00	32.5733265861118	0.617097755462365	31.4005226144315	5.4675053757204	49.8894186785281	-784.713239107592	39.3319486584547
2024-10-27 19:20:00	2024-10-27 21:20:00	32.5733265861118	0.617281469205587	31.4054839863093	5.46333249135581	50.0674634988975	-784.157554812523	39.3321789837135
2024-10-27 19:30:00	2024-10-27 21:30:00	32.5733265861118	0.617350494600439	31.4054839863093	5.45858533923837	50.1656930328228	-784.119377436567	39.33239998897
2024-10-27 19:40:00	2024-10-27 21:40:00	32.5733265861118	0.617418617355513	31.4054839863093	5.45306613942386	50.367486206788	-785.035898047578	39.3321817838936
2024-10-27 19:50:00	2024-10-27 21:50:00	32.5733265861118	0.617509465394429	31.4054839863093	5.46309458573726	50.1623927285415	-783.404970502748	39.3323445704809
2024-10-27 20:00:00	2024-10-27 22:00:00	32.5733265861118	0.6175912339391	31.4079646722482	5.46198735243029	50.2132572590261	-782.718435405913	39.3772386872371
2024-10-27 20:10:00	2024-10-27 22:10:00	32.5733265861118	0.617645339229373	31.4054839863093	5.4575533415708	50.3197579239738	-783.540517798923	39.3410720630435
2024-10-27 20:20:00	2024-10-27 22:20:00	32.5733265861118	0.617791276404688	31.4104870503877	5.45653178692323	50.1993791894643	-785.11255964717	39.3322453384633
2024-10-27 20:30:00	2024-10-27 22:30:00	32.5733265861118	0.61791628255375	31.4079441707115	5.45079933666485	50.5249023988455	-784.731254547666	39.5076987559277
2024-10-27 20:40:00	2024-10-27 22:40:00	32.5733265861118	0.617968537366654	31.4203681019426	5.45271819781255	50.4739038275192	-784.893428055737	39.4232993924434
2024-10-27 20:50:00	2024-10-27 22:50:00	32.5733265861118	0.61798360159019	31.4129885824269	5.4639871322206	49.8528006669394	-785.58410728206	39.3321761364716
2024-10-27 21:00:00	2024-10-27 23:00:00	32.5733265861118	0.618060128755977	31.4426942753926	5.45377762707539	50.348333365921	-785.583974681974	39.3321789837135
2024-10-27 21:10:00	2024-10-27 23:10:00	32.5733265861118	0.618119437499092	31.4836255933842	5.46699581680965	49.9197297133405	-785.584279211957	39.3327625495978
2024-10-27 21:20:00	2024-10-27 23:20:00	32.5733265861118	0.618195577819259	31.5133938246508	5.45525571325834	50.2006892931249	-785.584216304355	39.3364121036845
2024-10-27 21:30:00	2024-10-27 23:30:00	32.5733265861118	0.618222657012624	31.5357199981008	5.4517043433897	50.3259570132289	-785.779618884179	39.3319738600753
2024-10-27 21:40:00	2024-10-27 23:40:00	32.5733265861118	0.618340531148449	31.5518444567035	5.45852347882376	49.8460470391	-788.264881185684	39.3321817838936
2024-10-27 21:50:00	2024-10-27 23:50:00	32.5733265861118	0.618498174531	31.5518444567035	5.45412080066676	50.0784582614082	-788.706644102516	39.3321789837135
2024-10-27 22:00:00	NA	32.5733265861118	0.618576067034267	31.5518444567035	5.44676188822153	50.5382499144822	-788.7069481126	39.3321787747448
2024-10-27 22:10:00	2024-10-28 00:10:00	32.5733265861118	0.618635163391552	31.5543251426425	5.45664085401353	50.1196206329296	-788.714753984209	39.3321817838936
2024-10-27 22:20:00	2024-10-28 00:20:00	32.5733265861118	0.618747515495788	31.5543251426425	5.45664586972282	49.9991365514426	-790.424920672494	39.3322362829205
2024-10-27 22:30:00	2024-10-28 00:30:00	32.5733265861118	0.618835390133081	31.5543251426425	5.46019829227119	49.7988912091405	-791.830410636836	39.3314721681126
2024-10-27 22:40:00	2024-10-28 00:40:00	32.5733265861118	0.618891937860402	31.5543251426425	5.45704836491299	49.868644443618	-791.830346949388	39.4818946648761
2024-10-27 22:50:00	2024-10-28 00:50:00	32.5733265861118	0.61896498475418	31.5543251426425	5.45235605673291	50.0618532808106	-793.80158937413	39.5525527449625
2024-10-27 23:00:00	2024-10-28 01:00:00	32.5733265861118	0.619073793227609	31.5543251426425	5.45069315162734	50.1263609162377	-794.951520104814	39.3097278922402
2024-10-27 23:10:00	2024-10-28 01:10:00	32.5733265861118	0.619129896104777	31.5543251426425	5.45070038873543	50.0980528119084	-794.953879529816	39.3496192528792
2024-10-27 23:20:00	2024-10-28 01:20:00	32.5733265861118	0.619214551936649	31.5543251426425	5.44583714004155	50.4772163227332	-797.525076085295	39.3502182870102
2024-10-27 23:30:00	2024-10-28 01:30:00	32.5733265861118	0.619318355511216	31.5667285723369	5.44452246690581	50.498600677354	-798.080094001694	39.3300057932207
2024-10-27 23:40:00	2024-10-28 01:40:00	32.5733265861118	0.619389770246659	31.5568058285814	5.44669878936018	50.3546866131663	-799.879563490075	39.3321286222661
2024-10-27 23:50:00	2024-10-28 01:50:00	32.5733265861118	0.619470954730296	31.5778916590619	5.45055556019464	50.2571435225259	-801.196741449053	39.332175932771
NA	2024-10-28 02:00:00	32.5733265861118	0.619518582252744	31.5679689153064	5.45520060237846	50.025481573694	-801.246054770324	39.3321927756452
2024-10-28 00:10:00	2024-10-28 02:10:00	32.5733265861118	0.619558829367589	31.608900233298	5.44565744141972	50.418823370354	-804.023035609588	39.3320249320162
2024-10-28 00:20:00	2024-10-28 02:20:00	32.5733265861118	0.619644049182003	31.620063320023	5.45097638439654	50.3093270181474	-804.319117517408	39.3321817838936
2024-10-28 00:30:00	2024-10-28 02:30:00	32.5733265861118	0.619678774265259	31.6485912083201	5.4425358125695	50.5756774322809	-806.017727273347	39.3320527248482
2024-10-28 00:40:00	2024-10-28 02:40:00	32.5733265861118	0.619689181170944	31.6746384106785	5.44129173089788	50.8026622308135	-807.441708043499	39.3370289791734
2024-10-28 00:50:00	2024-10-28 02:50:00	32.5733265861118	0.619794790025068	31.6795997825563	5.45342070672523	50.2223892053487	-807.60552359853	39.3385883451197
2024-10-28 01:00:00	2024-10-28 03:00:00	32.5733265861118	0.619910805784877	31.6895225263118	5.44213913807902	50.5848578818442	-810.275115702096	39.3318370273957
2024-10-28 01:10:00	2024-10-28 03:10:00	32.5733265861118	0.619954238687176	31.6869063407208	5.44096101462371	50.6126393029464	-810.580816776008	39.3318902673426
2024-10-28 01:20:00	2024-10-28 03:20:00	32.5733265861118	0.620046785812736	31.6944838981896	5.44921413660934	50.1926821426828	-812.652461311954	39.3321817838936
2024-10-28 01:30:00	2024-10-28 03:30:00	33.0619551031837	0.620102590189651	31.6709173817701	5.45413231822143	50.0216813890758	-813.686242733064	39.3321817838936
2024-10-28 01:40:00	2024-10-28 03:40:00	35.331699528479	0.620153403499553	31.6733980677091	5.45178670009785	50.1040060279227	-814.119678191081	39.3322006328668
2024-10-28 01:50:00	2024-10-28 03:50:00	37.4079080638372	0.62022057051839	31.6746384106785	5.45093650641155	50.1699963278539	-816.790394833021	39.332200925423
2024-10-28 02:00:00	2024-10-28 04:00:00	38.2489039262609	0.620206659246505	31.675878753648	5.4611891115847	49.7911824239604	-816.810322635626	39.3322252911689
2024-10-28 02:10:00	2024-10-28 04:10:00	38.2489039262609	0.62020389823071	31.695724241159	5.44905846385425	50.1863061807082	-819.03882976875	39.3321817838936
2024-10-28 02:20:00	2024-10-28 04:20:00	38.2489039262609	0.620214623715142	31.6858014974034	5.44984568252387	50.243203607819	-819.932092633426	39.3321817838936
2024-10-28 02:30:00	2024-10-28 04:30:00	39.2624584791947	0.620209473358756	31.695724241159	5.45256264890214	49.909798114773	-820.03675190705	39.3322115828247
2024-10-28 02:40:00	2024-10-28 04:40:00	41.5641981418149	0.620192004624213	31.7031662989757	5.45829634769184	49.8809251932298	-822.727637454078	39.3322117499996
2024-10-28 02:50:00	2024-10-28 04:50:00	44.1618542692905	0.620268105679773	31.7006647669365	5.44603972859346	50.3444254929798	-823.053818326344	39.3321817838936
2024-10-28 03:00:00	2024-10-28 05:00:00	46.419822152016	0.620357789612322	31.7031662989757	5.44821054880589	50.162013416117	-824.191644757768	39.336468261466
2024-10-28 03:10:00	2024-10-28 05:10:00	48.4121519508857	0.620362072577837	31.7031662989757	5.44740532322475	50.275275398832	-826.169174201861	39.3322474000533
2024-10-28 03:20:00	2024-10-28 05:20:00	50.3237481382179	0.62031991399052	31.7031662989757	5.44359982408528	50.4641241467278	-826.177578215588	39.3321817838936
2024-10-28 03:30:00	2024-10-28 05:30:00	52.3815360405187	0.620359789430161	31.7031662989757	5.45454750749067	50.1484497921504	-827.214852438332	39.3324713726648
2024-10-28 03:40:00	2024-10-28 05:40:00	54.6311999725019	0.620410443450691	31.7031662989757	5.45534605794795	49.8768889525609	-829.293530040041	39.3321899336714
2024-10-28 03:50:00	2024-10-28 05:50:00	58.1003079049992	0.620321029016129	31.7031662989757	5.45138290453861	49.9395545142476	-829.299682247557	39.332352051559
2024-10-28 04:00:00	2024-10-28 06:00:00	58.4419624741088	0.620361700902634	31.7031662989757	5.45428247988853	50.0519044824595	-830.328904167259	39.3322382054322
2024-10-28 04:10:00	2024-10-28 06:10:00	58.4419624741088	0.620358515115179	31.7031662989757	5.44456674137672	50.2895546799291	-832.310147511428	39.3334488862698
2024-10-28 04:20:00	2024-10-28 06:20:00	58.4419624741088	0.620359789430161	31.7031662989757	5.44394894222099	50.2470488572096	-832.421519832037	39.3332927030921
2024-10-28 04:30:00	2024-10-28 06:30:00	58.6857806022905	0.620489986406031	31.7006647669365	5.44701133689219	50.1320488864346	-832.454541428891	39.3323298812133
2024-10-28 04:40:00	2024-10-28 06:40:00	60.9170321805561	0.620522941241075	31.7031662989757	5.44890973305371	50.0020653569217	-834.551415807831	39.33242280593
2024-10-28 04:50:00	2024-10-28 06:50:00	62.2252991238048	0.620488920014993	31.706887327884	5.45306514866647	49.8912178830548	-835.544468437556	39.3323407254576
2024-10-28 05:00:00	2024-10-28 07:00:00	62.9143214968524	0.620426324199583	31.7156739591717	5.45073635572643	49.8116698628675	-835.544560397164	39.3321844811698
2024-10-28 05:10:00	2024-10-28 07:10:00	64.1163950830477	0.620187225943031	31.751539674784	5.44830988472289	50.0015963586448	-836.978171811565	39.355305921632
2024-10-28 05:20:00	2024-10-28 07:20:00	65.6091627388495	0.620197208077055	31.7540203607229	5.45311660612848	49.7911859145266	-838.567572930474	39.3321817838936
2024-10-28 05:30:00	2024-10-28 07:30:00	66.7602758255418	0.620371576843744	31.7552607036923	5.44581850141812	50.1520922761141	-838.666369839459	39.332156582273
2024-10-28 05:40:00	2024-10-28 07:40:00	69.7352986888654	0.620440442949223	31.7788272201117	5.4503498541913	49.7949105049427	-838.675626095226	39.3321677829932
2024-10-28 05:50:00	2024-10-28 07:50:00	71.4803651033943	0.620361807095549	31.8011533935617	5.44412548280363	50.1171303483957	-840.54391689022	39.3321453815527
2024-10-28 06:00:00	2024-10-28 08:00:00	72.3161047416778	0.620210429094993	31.816037509195	5.44377159664798	50.1891917327892	-841.784257502395	39.3321871334913
2024-10-28 06:10:00	2024-10-28 08:10:00	72.3161047416778	0.620279082814642	31.8197585381033	5.44412684509504	50.0416461252184	-841.787677908297	39.3321899336714
2024-10-28 06:20:00	2024-10-28 08:20:00	72.3161047416778	0.620241118847473	31.8371233396756	5.45453543263496	49.6841197778565	-841.78813125895	39.3321844586924
2024-10-28 06:30:00	2024-10-28 08:30:00	72.3161047416778	0.620243508188064	31.8172778521646	5.44790745145506	49.8265417031461	-843.5349266784	39.3300165760037
2024-10-28 06:40:00	2024-10-28 08:40:00	72.3161047416778	0.62028131286586	31.8470460834312	5.44579274172596	50.0661098364907	-844.908321678056	39.3270011164236
2024-10-28 06:50:00	2024-10-28 08:50:00	72.8837718929175	0.620276799666966	31.8520074553089	5.44255519426097	50.1621704784615	-844.911985266032	39.3321817838936
2024-10-28 07:00:00	2024-10-28 09:00:00	75.8640526974779	0.620247012554264	31.8458057404617	5.44198903833425	50.0016961784182	-844.912961763583	39.3321817838936
2024-10-28 07:10:00	2024-10-28 09:10:00	78.4290852127623	0.620163916598154	31.8520074553089	5.44294840110059	50.3287022132903	-845.278982757723	39.3321509401191
2024-10-28 07:20:00	2024-10-28 09:20:00	83.375005632848	0.620133067556301	31.8706125998506	5.44447775897853	50.0690771303381	-847.29470388697	39.3321817838936
2024-10-28 07:30:00	2024-10-28 09:30:00	87.7100620983216	0.620103676212993	31.9420626087207	5.44863597087139	49.9771329446375	-848.031052764344	39.3322034885377
2024-10-28 07:40:00	2024-10-28 09:40:00	91.1372600752727	0.620069988964698	31.9872048389782	5.44842567949298	49.8753937919786	-848.032728726144	39.3321817838936
2024-10-28 07:50:00	2024-10-28 09:50:00	94.5513224627966	0.619995388441799	32.0008486116421	5.45420142354946	49.8343498392176	-848.032929926491	39.3383654173516
2024-10-28 08:00:00	2024-10-28 10:00:00	95.0138351774333	0.619999423772576	32.0082906694588	5.44806510572493	49.9016015880906	-848.307254122347	39.332197958068
2024-10-28 08:10:00	2024-10-28 10:10:00	95.0138351774333	0.620035263881441	32.0206940991532	5.44749158104012	49.9761225712942	-850.915644147693	39.3329202791435
2024-10-28 08:20:00	2024-10-28 10:20:00	95.4707163868815	0.620013812912579	32.0231747850921	5.45124296005711	49.8407919135576	-851.152627612705	39.337511947544
2024-10-28 08:30:00	2024-10-28 10:30:00	97.6670831600263	0.619853408514235	32.0405395866644	5.44969347741966	49.8619699600875	-851.155246206629	39.3325903594207
2024-10-28 08:40:00	2024-10-28 10:40:00	99.7509231413916	0.619803019975993	32.0889129624727	5.44638744385	50.0161392035381	-851.155140797404	39.3323415195385
2024-10-28 08:50:00	2024-10-28 10:50:00	102.945009019062	0.61980832962175	32.0740288468394	5.44877461186168	49.8128456070922	-851.156216595384	39.3328514448664
2024-10-28 09:00:00	2024-10-28 11:00:00	105.227314770716	0.619717216100546	32.1385266812504	5.4412325950661	50.2282823751313	-851.66505721246	39.3323499618724
2024-10-28 09:10:00	2024-10-28 11:10:00	108.39623306497	0.619575448558811	32.1472090820364	5.44786571579996	49.8139811351613	-853.342833634258	39.332502717964
2024-10-28 09:20:00	2024-10-28 11:20:00	110.651244894985	0.619520812303963	32.1496897679754	5.44093635860614	50.1440710592111	-854.277339450724	39.3322035584281
2024-10-28 09:30:00	2024-10-28 11:30:00	113.956077676548	0.619463466791212	32.2097265369165	5.44720278618807	49.8539307120219	-854.272436950192	39.3452235777669
2024-10-28 09:40:00	2024-10-28 11:40:00	118.283082209305	0.619374531563334	32.2948098954002	5.44866897235485	50.0007054306989	-854.279138556154	39.3322301810356
2024-10-28 09:50:00	2024-10-28 11:50:00	121.256941262566	0.619268869612752	32.3010116102475	5.44594401799512	49.972470032416	-854.279851855576	39.332314896931
2024-10-28 10:00:00	2024-10-28 12:00:00	121.455981401738	0.619157420148295	32.3456639571475	5.44562846176603	49.8683908826384	-854.282021647951	39.3321951578879
2024-10-28 10:10:00	2024-10-28 12:10:00	121.455981401738	0.61904066103808	32.4275265931308	5.44038723132208	50.1591429593228	-854.699769717657	39.3321927338514
2024-10-28 10:20:00	2024-10-28 12:20:00	121.455981401738	0.619036731900219	32.4523334525195	5.44292307486478	50.0560304358892	-856.324671130125	39.332249782296
2024-10-28 10:30:00	2024-10-28 12:30:00	123.205187927477	0.619034395656085	32.542878489289	5.44355889342056	50.0392235159903	-857.364906039374	39.3321871334913
2024-10-28 10:40:00	2024-10-28 12:40:00	127.514080215201	0.61905117413668	32.5887711791584	5.44436320265517	50.0085348227556	-857.402833994487	39.332379677216
2024-10-28 10:50:00	2024-10-28 12:50:00	131.544526175471	0.618978007218137	32.596213236975	5.439763301855	50.1943855389822	-857.402680104815	39.3325280867595
2024-10-28 11:00:00	2024-10-28 13:00:00	133.660189779874	0.618866717043053	32.6135780385473	5.44371190351515	50.0539581336319	-857.403280456497	39.3325165934831
2024-10-28 11:10:00	2024-10-28 13:10:00	137.438324155297	0.618856346724842	32.6625038360143	5.44426723031789	49.9771001622976	-857.401977742901	39.3365135251317
2024-10-28 11:20:00	2024-10-28 13:20:00	140.042442808137	0.618820677587381	32.6884701520576	5.44453060585495	50.037628521426	-857.403077222749	39.332272762977
2024-10-28 11:30:00	2024-10-28 13:30:00	141.396569481178	0.618723250414675	32.7363719925222	5.44158183704648	50.2218296207007	-857.415297758114	39.3322336081216
2024-10-28 11:40:00	2024-10-28 13:40:00	143.597064642459	0.618669322261324	32.742552861269	5.44953957907775	49.7984581595964	-857.740487529824	39.3326039076141
2024-10-28 11:50:00	2024-10-28 13:50:00	147.626044096234	0.618589978306153	32.7475350792472	5.44600785992452	49.9673917795931	-859.038164551567	39.3325579692781
2024-10-28 12:00:00	2024-10-28 14:00:00	148.477361618402	0.618568421144376	32.7537367940943	5.44299775320314	50.0381475880365	-859.829422609473	39.3384262690258
2024-10-28 12:10:00	2024-10-28 14:10:00	148.477361618402	0.618576067034267	32.8021101699026	5.44407569724473	49.9847572942781	-859.825397302785	39.3322169742162
2024-10-28 12:20:00	2024-10-28 14:20:00	148.477361618402	0.618535926112338	32.8542045746192	5.45029232834028	49.8180309734088	-860.523511037688	39.3353140569554
2024-10-28 12:30:00	2024-10-28 14:30:00	148.477361618402	0.618517129966355	32.8765307480692	5.43980026949016	50.1324827962526	-860.525141436366	39.332320831641
2024-10-28 12:40:00	2024-10-28 14:40:00	149.303326683064	0.61856459819943	32.8914148637025	5.44223053544835	49.9477387978993	-860.525858375072	39.3323173209675
2024-10-28 12:50:00	2024-10-28 14:50:00	150.70379179956	0.618573518404304	32.8938955496415	5.43889676067175	50.0394330541575	-860.525178998965	39.3338063480623
2024-10-28 13:00:00	2024-10-28 15:00:00	153.044000059105	0.618598261353535	32.8938955496415	5.44733491752764	49.9055426457083	-860.525415812293	39.3345191401669
2024-10-28 13:10:00	2024-10-28 15:10:00	61.7947241237497	0.201043949107312	10.6905160536335	5.43630035708352	50.161025416458	-860.52771999818	39.3321951578879
2024-10-28 13:20:00	2024-10-28 15:20:00	26.2095750001002	0.0928064486582302	4.94524741917121	5.43636729512976	50.1638054700834	-860.527811630121	39.3321871334913
2024-10-28 13:30:00	2024-10-28 15:30:00	157.931811061134	0.618746347373722	32.993122987197	5.44511927438931	50.035179877405	-860.526186300444	39.332942220853
2024-10-28 13:40:00	2024-10-28 15:40:00	159.139388110163	0.61878781570709	33.015449160647	5.44379432214563	49.9048866797551	-860.524717070001	39.3518814685875
2024-10-28 13:50:00	2024-10-28 15:50:00	159.424053422389	0.61883482258103	33.0302290457787	5.4412553694772	50.0565857261733	-860.525628664461	39.3322307141691
2024-10-28 14:00:00	2024-10-28 16:00:00	160.394024963849	0.618836133483487	33.0427367059747	5.44574834341037	49.809880345067	-860.547552529561	39.3322117082059
2024-10-28 14:10:00	2024-10-28 16:10:00	160.394024963849	0.618838416631163	33.0476980778524	5.44501722637802	49.8826618801531	-860.537038251728	39.3322848472374
2024-10-28 14:20:00	2024-10-28 16:20:00	160.394024963849	0.618875955826671	33.0601015075469	5.43861910091287	50.1185421000756	-860.551641913621	39.3357080046762
2024-10-28 14:30:00	2024-10-28 16:30:00	161.31874274661	0.618930645177977	33.1506465443163	5.44153818179894	49.9261577733179	-860.534101870433	39.3356211573004
2024-10-28 14:40:00	2024-10-28 16:40:00	162.776657057438	0.618909937559521	33.1915778623079	5.43815443569642	50.0472388979169	-860.812349083137	39.3321871334913
2024-10-28 14:50:00	2024-10-28 16:50:00	164.114913473412	0.618919813500631	33.1915778623079	5.43857742718011	50.0693694001338	-860.834296167779	39.3321817838936
2024-10-28 15:00:00	2024-10-28 17:00:00	164.156733557137	0.618975405491716	33.2560756967189	5.44048909356637	49.8210368197783	-860.785365231147	39.3321817838936
2024-10-28 15:10:00	2024-10-28 17:10:00	164.188099573873	0.619061209367163	33.3193331881605	5.43766754036099	49.9381033764776	-860.616312358292	39.3321898082902
2024-10-28 15:20:00	2024-10-28 17:20:00	166.284378586146	0.619107668767544	33.3230542170689	5.43424174899169	50.0581310273621	-860.585640483142	39.3321817838936
2024-10-28 15:30:00	2024-10-28 17:30:00	169.342530876011	0.61916803943981	33.3156121592522	5.4373906855925	50.0727962504639	-860.551690394066	39.355010523532
2024-10-28 15:40:00	2024-10-28 17:40:00	171.334246800745	0.619221454476135	33.2945263287718	5.43999891634708	49.952145299074	-860.540361956688	39.3321817838936
2024-10-28 15:50:00	2024-10-28 17:50:00	172.691803190127	0.619328218066664	33.3279113584451	5.44161628824113	49.8802364383697	-860.530148496376	39.3321817838936
2024-10-28 16:00:00	2024-10-28 18:00:00	173.567580283466	0.619419929034563	33.3193331881605	5.44146059311074	49.9358001237739	-860.525447136119	39.3325118707914
2024-10-28 16:10:00	2024-10-28 18:10:00	173.567580283466	0.619543962359467	33.2858439279856	5.44183324173449	49.8758040116527	-860.529435140159	39.3321817838936
2024-10-28 16:20:00	2024-10-28 18:20:00	173.567580283466	0.61963534136296	33.2287881513912	5.4407261322722	49.9748039708434	-860.526265194895	39.3321817838936
2024-10-28 16:30:00	2024-10-28 18:30:00	173.567580283466	0.61979255997385	33.2015006060635	5.44285248340066	49.9487777883691	-860.525673421523	39.3321817838936
2024-10-28 16:40:00	2024-10-28 18:40:00	173.567580283466	0.619907089032847	33.1915778623079	5.44255364620254	50.106468648417	-860.526405437256	39.3839978621828
2024-10-28 16:50:00	2024-10-28 18:50:00	173.567580283466	0.619981424073457	33.1915778623079	5.44152084354459	49.8956662710237	-860.525961964657	39.3365176328585
2024-10-28 17:00:00	2024-10-28 19:00:00	173.567580283466	0.62006005992713	33.1841358044912	5.44445292812141	49.864437946676	-860.525953256372	39.3321844586924
2024-10-28 17:10:00	2024-10-28 19:10:00	173.567580283466	0.620100891103008	33.1407238005607	5.44770762807374	49.8384807419575	-860.525205513739	39.3321954086503
2024-10-28 17:20:00	2024-10-28 19:20:00	173.567580283466	0.620123085422276	33.0935907677219	5.43783021034016	49.9622037041804	-860.524138813965	39.3321844586924
2024-10-28 17:30:00	2024-10-28 19:30:00	173.567580283466	0.620128819839694	33.0476980778524	5.44113729658954	49.9558520198752	-860.52520525379	39.3391571996102
2024-10-28 17:40:00	2024-10-28 19:40:00	173.567580283466	0.62006818368514	33.0427367059747	5.44238509360137	49.8763572403444	-860.524511710473	39.3322531675883
2024-10-28 17:50:00	2024-10-28 19:50:00	173.567580283466	0.620043654906494	33.0427367059747	5.4412381977367	49.8356476753308	-860.525835225432	39.3321817838936
2024-10-28 18:00:00	2024-10-28 20:00:00	173.567580283466	0.620027724184465	33.0117281317386	5.43708949534558	50.1195140404159	-860.526470424449	39.3321817838936
2024-10-28 18:10:00	2024-10-28 20:10:00	173.567580283466	0.620051723783291	33.0067667598608	5.44103004710194	49.8965190632316	-860.5256730316	39.3321817838936
2024-10-28 18:20:00	2024-10-28 20:20:00	173.567580283466	0.620112094455557	32.9422689254498	5.43709977445352	50.0246551951736	-860.488368043711	39.3354243924087
2024-10-28 18:30:00	2024-10-28 20:30:00	173.567580283466	0.620167845736015	32.9497109832664	5.43882350654714	49.8054458672647	-860.514865661529	39.3322008836292
2024-10-28 18:40:00	2024-10-28 20:40:00	173.567580283466	0.620209738841044	32.9112603512137	5.43689623573197	49.7991960866529	-860.481027870321	39.3323506305721
2024-10-28 18:50:00	2024-10-28 20:50:00	173.567580283466	0.620266976822314	32.8938955496415	5.44352068733866	49.828905076945	-859.631951097396	39.3330951859132
2024-10-28 19:00:00	2024-10-28 21:00:00	173.567580283466	0.620345984351191	32.8938955496415	5.43567574647073	49.8793261492299	-858.680587603263	39.3321817838936
2024-10-28 19:10:00	2024-10-28 21:10:00	173.567580283466	0.620425204265898	32.8938955496415	5.43867532639482	49.926028987055	-859.125552179108	39.3321761835334
2024-10-28 19:20:00	2024-10-28 21:20:00	173.567580283466	0.620396768658827	32.8876417195434	5.4331362583562	50.1341161702095	-858.777856519186	39.3321478572168
2024-10-28 19:30:00	2024-10-28 21:30:00	173.567580283466	0.620365231597656	32.8508423226029	5.44353403492868	49.7911788072395	-857.857170899667	39.3321678987032
2024-10-28 19:40:00	2024-10-28 21:40:00	173.567580283466	0.620381134206108	32.8194749714748	5.43592201160477	49.8746582202771	-857.961442713205	39.3241857652339
2024-10-28 19:50:00	2024-10-28 21:50:00	173.567580283466	0.620404157544016	32.7600635855434	5.43599750742204	50.024456406269	-857.413833765966	39.3324101251793
2024-10-28 20:00:00	2024-10-28 22:00:00	173.567580283466	0.620470601737128	32.7450543933082	5.4360767555248	49.9742215151721	-857.40382569904	39.3321013309588
2024-10-28 20:10:00	2024-10-28 22:10:00	173.567580283466	0.620516848751679	32.7450543933082	5.44312847125644	49.6559158467673	-857.405136100785	39.3321817838936
2024-10-28 20:20:00	2024-10-28 22:20:00	173.567580283466	0.620532140531461	32.7450543933082	5.44054123217407	49.8182697385557	-857.404897207865	39.3321844586924
2024-10-28 20:30:00	2024-10-28 22:30:00	173.567580283466	0.620501238393151	32.7326509636138	5.44443131722582	49.6982679803786	-857.404598916653	39.3321593406593
2024-10-28 20:40:00	2024-10-28 22:40:00	173.567580283466	0.620520353117879	32.727689591736	5.43968825198262	49.7789999311819	-857.402211937083	39.3318590108989
2024-10-28 20:50:00	2024-10-28 22:50:00	173.567580283466	0.620499964078169	32.7252089057972	5.43933622349707	49.7916721972848	-857.333019293652	39.3324261518464
2024-10-28 21:00:00	2024-10-28 23:00:00	176.028293920537	0.620455734729006	32.6954406745305	5.44221691253423	49.8220566902811	-857.401247787098	39.3321789837135
2024-10-28 21:10:00	2024-10-28 23:10:00	177.33718015864	0.620463433715355	32.7016423893777	5.43476654079732	49.9614091575397	-857.402150199249	39.3319961361346
2024-10-28 21:20:00	2024-10-28 23:20:00	180.767447361175	0.620529273322752	32.7016423893777	5.44270083559747	49.7848980502748	-857.401850868243	39.3321817838936
2024-10-28 21:30:00	2024-10-28 23:30:00	183.953809165006	0.620602068566092	32.6582303854472	5.43575729818849	49.8951304951629	-857.401912736049	39.3322117917933
2024-10-28 21:40:00	2024-10-28 23:40:00	185.512850461856	0.620607962272883	32.6321831830889	5.43631057426911	49.8721862221423	-857.40270986895	39.3321844586924
2024-10-28 21:50:00	2024-10-28 23:50:00	186.169785730494	0.620585667114965	32.6287331534848	5.43544008150413	49.8902169271916	-857.403463120749	39.3321817838936
2024-10-28 22:00:00	NA	186.773199524281	0.620625855779087	32.6483076416916	5.44271978383258	49.8512815338332	-857.400985628765	39.3321817838936
2024-10-28 22:10:00	2024-10-29 00:10:00	186.773199524281	0.620707995998961	32.6706338151416	5.44558171040164	49.6380566514078	-857.226073380681	39.3322283839051
2024-10-28 22:20:00	2024-10-29 00:20:00	186.773199524281	0.620729393871365	32.6681531292027	5.44275439841893	49.6772431019771	-856.941717501881	39.3321927756452
2024-10-28 22:30:00	2024-10-29 00:30:00	186.773199524281	0.620721801077932	32.6445866127833	5.4425951341683	49.8009202179576	-856.075114333081	39.3321952832691
2024-10-28 22:40:00	2024-10-29 00:40:00	186.773199524281	0.620733588491514	32.6123376955777	5.43142985567088	50.0008131172707	-855.386560864029	39.3322502002334
2024-10-28 22:50:00	2024-10-29 00:50:00	188.343881115837	0.620715376406565	32.6061359807306	5.44247810095147	49.8803382050322	-856.188440688585	39.3321817838936
2024-10-28 23:00:00	2024-10-29 01:00:00	189.741820478311	0.620726951434317	32.6024149518223	5.42992514288304	50.3559533240064	-855.780189977128	39.3321817838936
2024-10-28 23:10:00	2024-10-29 01:10:00	193.331002415457	0.620712987065974	32.596213236975	5.44321373831441	49.6840020363702	-854.329189482057	39.3321844586924
2024-10-28 23:20:00	2024-10-29 01:20:00	195.464707269915	0.620724880672471	32.5999342658833	5.43706782252766	49.8844975011837	-854.291748021065	39.3329472778946
2024-10-28 23:30:00	2024-10-29 01:30:00	197.124587557495	0.620784454897874	32.596213236975	5.43484933096182	49.9688464079293	-854.282157861105	39.3348190101962
2024-10-28 23:40:00	2024-10-29 01:40:00	197.634374332314	0.620823480794195	32.596213236975	5.43020503184605	50.2102458381704	-854.280495618702	39.3321844586924
2024-10-28 23:50:00	2024-10-29 01:50:00	200.677518623648	0.620883320501886	32.596213236975	5.43518433080471	50.0101334499714	-854.279548365389	39.332197958068
NA	2024-10-29 02:00:00	203.1680399167	0.620930053415952	32.596213236975	5.43773903412202	49.8849025106197	-854.280314053225	39.3321817838936
2024-10-29 00:10:00	2024-10-29 02:10:00	203.1680399167	0.620884170045207	32.5937325510361	5.44102750828613	49.7333903178476	-854.280850448772	39.3321872588725
2024-10-29 00:20:00	2024-10-29 02:20:00	203.1680399167	0.620834631050286	32.596213236975	5.43605483501752	49.8407113700453	-854.280060204515	39.3219946034362
2024-10-29 00:30:00	2024-10-29 02:30:00	203.1680399167	0.620838772573977	32.596213236975	5.4416963314475	49.7286224128274	-854.279686658134	39.3321817838936
2024-10-29 00:40:00	2024-10-29 02:40:00	203.1680399167	0.62081153409124	32.5912518650973	5.43670025153553	49.8165837950871	-854.2802109748	39.3338888488898
2024-10-29 00:50:00	2024-10-29 02:50:00	203.1680399167	0.620796560890202	32.5862904932194	5.43933356083658	49.8162491696151	-854.279944267363	39.3321817838936
2024-10-29 01:00:00	2024-10-29 03:00:00	203.1680399167	0.620779357637947	32.5838098072806	5.43450182280687	49.9622176664452	-854.279490136865	39.3321817838936
2024-10-29 01:10:00	2024-10-29 03:10:00	203.415080257219	0.620777446165474	32.5664450057084	5.43996529251812	49.8764312716064	-854.27431975585	39.3321817838936
2024-10-29 01:20:00	2024-10-29 03:20:00	204.429522263024	0.620797835205184	32.5503205471057	5.43850541150223	49.8444251240768	-853.627873698219	39.360306416322
2024-10-29 01:30:00	2024-10-29 03:30:00	205.758471346499	0.620810896933749	32.5193119728695	5.4384510436904	49.7921463412082	-853.694080830036	39.3322008000418
2024-10-29 01:40:00	2024-10-29 03:40:00	206.320629669579	0.620807392567548	32.4771403119084	5.43586083233586	49.9680057545562	-852.885779621016	39.3321817838936
2024-10-29 01:50:00	2024-10-29 03:50:00	207.650457238864	0.620794012260239	32.4746596259695	5.43486772189589	50.0499480461605	-851.550587342321	39.332195450444
2024-10-29 02:00:00	2024-10-29 04:00:00	208.843617256849	0.620821522471906	32.462381272877	5.43622710920318	50.014705814113	-851.413638348865	39.3321928680128
2024-10-29 02:10:00	2024-10-29 04:10:00	208.843617256849	0.620838613284605	32.4548141384585	5.43431661309706	50.0278757374126	-851.209095503944	39.3321817838936
2024-10-29 02:20:00	2024-10-29 04:20:00	208.843617256849	0.620772986063038	32.4622561962751	5.4357764321906	49.9115029177185	-851.157355170993	39.3321898082902
2024-10-29 02:30:00	2024-10-29 04:30:00	208.843617256849	0.620775534693001	32.4659772251835	5.44238936624262	49.7564193543188	-851.158134107478	39.3329735661522
2024-10-29 02:40:00	2024-10-29 04:40:00	208.843617256849	0.620796242311457	32.475899968939	5.43903961550309	49.7893622760366	-851.15788247707	39.3321817838936
2024-10-29 02:50:00	2024-10-29 04:50:00	208.843617256849	0.620841533589771	32.4746596259695	5.43127399714878	50.0708935272057	-851.158679090072	39.3326846878745
2024-10-29 03:00:00	2024-10-29 05:00:00	209.15374010938	0.620895532687129	32.4560544814279	5.43336969672044	50.1266595940877	-851.157640854689	39.3321817838936
2024-10-29 03:10:00	2024-10-29 05:10:00	209.905381878517	0.620888736340559	32.4473720806418	5.43723135941953	50.0583099840017	-851.157938755978	39.3321817838936
2024-10-29 03:20:00	2024-10-29 05:20:00	211.345591013295	0.620923036652155	32.4473720806418	5.44032468976177	49.7923152950313	-851.157012688489	39.3320330400003
2024-10-29 03:30:00	2024-10-29 05:30:00	211.366616291432	0.620931659695341	32.4473720806418	5.4381029501352	50.0484234488932	-851.160475203908	39.3297122589807
2024-10-29 03:40:00	2024-10-29 05:40:00	211.366616291432	0.620961895360456	32.4473720806418	5.43495012517372	49.8726311326278	-851.158614146921	39.3321790068555
2024-10-29 03:50:00	2024-10-29 05:50:00	211.366616291432	0.620966788133199	32.4473720806418	5.43163710973265	50.1026814882995	-851.158738098442	39.3321817838936
2024-10-29 04:00:00	2024-10-29 06:00:00	211.366616291432	0.62096667658602	32.4323628884066	5.43927937046605	49.8699311732251	-851.157302736704	39.3321676653386
2024-10-29 04:10:00	2024-10-29 06:10:00	211.366616291432	0.620951496353417	32.4163635064058	5.43562627052351	49.938705316802	-851.152126951375	39.3321817838936
2024-10-29 04:20:00	2024-10-29 06:20:00	211.366616291432	0.620937691274446	32.4473720806418	5.43168088882486	49.9871704216698	-851.100640068473	39.3321817838936
2024-10-29 04:30:00	2024-10-29 06:30:00	211.4086653214	0.620948204373047	32.4448913947029	5.43774748209799	49.9627967878443	-849.569786560931	39.3321817838936
2024-10-29 04:40:00	2024-10-29 06:40:00	213.342946647124	0.62097926580073	32.4473720806418	5.44029620548677	49.7181387838222	-848.354257798806	39.3322031822845
2024-10-29 04:50:00	2024-10-29 06:50:00	215.492443831782	0.620988079812688	32.4498527665807	5.43736461628864	49.8489058128076	-848.234376445167	39.3321817838936
2024-10-29 05:00:00	2024-10-29 07:00:00	217.909453539131	0.621009583878007	32.4572948243974	5.44120479193681	49.7795091370613	-848.08416829837	39.3321844586924
2024-10-29 05:10:00	2024-10-29 07:10:00	218.934422874722	0.621011229868193	32.4510931095501	5.44105351566764	49.8317286324028	-848.05151587355	39.3321844586924
2024-10-29 05:20:00	2024-10-29 07:20:00	219.260302856967	0.621051742465325	32.4746596259695	5.43309197503923	49.9644843984489	-848.037350615256	39.3321951578879
2024-10-29 05:30:00	2024-10-29 07:30:00	220.663548430178	0.621083441050499	32.4883033986334	5.44003718435132	49.8016064007525	-848.036789905761	39.3321817838936
2024-10-29 05:40:00	2024-10-29 07:40:00	222.880702568157	0.621093582473897	32.5701660346167	5.44313398234442	49.6441796254808	-848.036385165528	39.3321817838936
2024-10-29 05:50:00	2024-10-29 07:50:00	223.669136570756	0.621102874353973	32.596213236975	5.44228459364851	49.7501475362519	-848.036935866996	39.417737524341
2024-10-29 06:00:00	2024-10-29 08:00:00	225.739182159462	0.621124856287411	32.5887711791584	5.44280820892974	49.7862516605835	-848.036163819152	39.3321817838936
2024-10-29 06:10:00	2024-10-29 08:10:00	225.870349277297	0.621154324821367	32.5838098072806	5.44180859664439	49.8073898000432	-847.960844443185	39.3321817838936
2024-10-29 06:20:00	2024-10-29 08:20:00	225.870349277297	0.621148935754017	32.6224793233867	5.43584015183639	49.9490664283788	-848.036760583977	39.3321817838936
2024-10-29 06:30:00	2024-10-29 08:30:00	225.870349277297	0.621104626537073	32.705363418286	5.43469817853733	50.0401610716487	-848.037584699123	39.3321817838936
2024-10-29 06:40:00	2024-10-29 08:40:00	226.23236937779	0.621070220032562	32.7400930214305	5.43884759433621	49.8066963235279	-848.035133902128	39.3321817838936
2024-10-29 06:50:00	2024-10-29 08:50:00	227.826869105454	0.621030610075208	32.7450543933082	5.43647485422904	50.014630132789	-848.023106462511	39.3321817838936
2024-10-29 07:00:00	2024-10-29 09:00:00	229.316276402788	0.620986593111876	32.7450543933082	5.43246841710617	49.9412801563943	-847.983978193957	39.3321340554512
2024-10-29 07:10:00	2024-10-29 09:10:00	230.538758710722	0.620877586084468	32.7785436534832	5.43522557108112	49.9244254626268	-847.571422340963	39.332236826239
2024-10-29 07:20:00	2024-10-29 09:20:00	230.906033318259	0.620783499161638	32.8802517769775	5.43566107087687	49.9709869585703	-846.792481175627	39.3318201845216
2024-10-29 07:30:00	2024-10-29 09:30:00	233.099139038369	0.620687606959251	32.9249041238775	5.43461000112951	49.8945218341963	-845.333086804832	39.331825743088
2024-10-29 07:40:00	2024-10-29 09:40:00	235.047852085854	0.62065320045474	33.0402560200357	5.43758834169204	49.9059219191687	-844.932581526896	39.3321424559914
2024-10-29 07:50:00	2024-10-29 09:50:00	237.621950490746	0.620614068365505	33.0526594497303	5.43363695352671	50.1238501050908	-844.918749262976	39.3320668929235
2024-10-29 08:00:00	2024-10-29 10:00:00	240.85690346341	0.620534689161425	33.1580886021329	5.43831840604466	49.7817362224849	-844.913087318838	39.3321817838936
2024-10-29 08:10:00	2024-10-29 10:10:00	240.977355610934	0.62050808382048	33.1965809263863	5.43368775221831	49.9306528402218	-844.912904412113	39.3321817838936
2024-10-29 08:20:00	2024-10-29 10:20:00	241.165899709641	0.620449681732842	33.2573160396884	5.43555444061264	49.876480608415	-844.914161167203	39.3323481229482
2024-10-29 08:30:00	2024-10-29 10:30:00	242.421838218107	0.620322887392144	33.3404190186411	5.43608703463273	50.0096162209997	-844.914434633307	39.332142205229
2024-10-29 08:40:00	2024-10-29 10:40:00	243.488895886103	0.620180376500003	33.3453803905188	5.43738362644609	49.8998253066852	-844.912515691495	39.3322112066811
2024-10-29 08:50:00	2024-10-29 10:50:00	244.127829518959	0.620079864905807	33.4359254272883	5.43340672627795	50.0558205851339	-844.911221926472	39.3322006328668
2024-10-29 09:00:00	2024-10-29 11:00:00	247.123484063673	0.620031016164835	33.4892601749743	5.43693691870735	49.9413698691551	-844.911019426381	39.3323762919237
2024-10-29 09:10:00	2024-10-29 11:10:00	249.212514447133	0.619999158290288	33.4991829187299	5.43672941695623	49.9268343700802	-844.90643315025	39.3323871165004
2024-10-29 09:20:00	2024-10-29 11:20:00	252.461618014651	0.619922274619714	33.5984103562853	5.4340118313546	50.0105633626905	-844.826277037514	39.3327744608115
2024-10-29 09:30:00	2024-10-29 11:30:00	255.608637887038	0.619781515910673	33.6381013313076	5.43401728052025	49.964316955468	-844.061661648837	39.3349480692416
2024-10-29 09:40:00	2024-10-29 11:40:00	259.236590725542	0.619658491418464	33.6641485336659	5.43968354588501	49.9879367832909	-842.31832341804	39.3434236709796
2024-10-29 09:50:00	2024-10-29 11:50:00	263.167638625494	0.619559413428622	33.7546935704352	5.43297289838528	50.2634570710931	-841.885388231429	39.3334241025865
2024-10-29 10:00:00	2024-10-29 12:00:00	267.4225833747	0.619432840397529	33.7819394235624	5.44803614636511	49.4913612372739	-841.78906396824	39.3330748773202
2024-10-29 10:10:00	2024-10-29 12:10:00	270.182008592795	0.619325682822361	33.7869424876408	5.43575290170256	49.8209802413473	-841.788493107637	39.3325392874797
2024-10-29 10:20:00	2024-10-29 12:20:00	273.7372385654	0.619159437813683	33.8080283181214	5.44065857500259	49.8311692040487	-841.788073290374	39.3371749228866
2024-10-29 10:30:00	2024-10-29 12:30:00	277.011478617803	0.619060041245096	33.9035347267684	5.43839760471361	49.9134481008491	-841.788013502158	39.3388749665359
2024-10-29 10:40:00	2024-10-29 12:40:00	277.993384023814	0.618910680909928	33.9283415861573	5.44232923965344	49.7324021229305	-841.788559264599	39.3460465202383
2024-10-29 10:50:00	2024-10-29 12:50:00	277.993384023814	0.618779214080963	33.9333029580351	5.43449965552507	50.0077363687646	-841.786667487432	39.3664484650163
2024-10-29 11:00:00	2024-10-29 13:00:00	277.993384023814	0.618722188485523	33.9432257017907	5.43565655054628	50.0110659000255	-841.785066592938	39.3427969321698
2024-10-29 11:10:00	2024-10-29 13:10:00	278.587161540016	0.618587960640765	34.0164059369879	5.43800049676676	49.9141597595673	-841.748639841967	39.347909016125
2024-10-29 11:20:00	2024-10-29 13:20:00	281.691445639104	0.618481342953947	34.0821441143683	5.43563382504861	49.9832197780195	-841.37041451307	39.3325783646195
2024-10-29 11:30:00	2024-10-29 13:30:00	285.576256319168	0.618364902422477	34.0895861721849	5.43725711911171	49.9984117119297	-839.523142655638	39.3394081709727
2024-10-29 11:40:00	2024-10-29 13:40:00	288.637919215075	0.618287081309405	34.1796830177974	5.43366858231164	50.2093049885172	-838.815218900914	39.3355876007967
2024-10-29 11:50:00	2024-10-29 13:50:00	291.556589102141	0.618206742117389	34.228545587836	5.43744793918994	49.9145659775981	-838.666977739323	39.338509783265
2024-10-29 12:00:00	2024-10-29 14:00:00	292.911389129416	0.618191861067229	34.2334659566404	5.43582417431239	49.9862677716733	-838.664862526522	39.3442499748611
2024-10-29 12:10:00	2024-10-29 14:10:00	295.814694659377	0.618160667121496	34.2784935333462	5.43624128369442	50.1161310115109	-838.665450269596	39.3402779954755
2024-10-29 12:20:00	2024-10-29 14:20:00	298.457035756831	0.618067668452952	34.3723843692181	5.43460300390544	50.1541785406362	-838.665991354051	39.3418472531905
2024-10-29 12:30:00	2024-10-29 14:30:00	301.057205224247	0.618000395241201	34.3847877989126	5.43603954020029	50.2687854985253	-838.664736711319	39.3381979080724
2024-10-29 12:40:00	2024-10-29 14:40:00	301.711081415166	0.617946927108419	34.419517402057	5.43741774565374	50.040130073337	-838.665037602018	39.3366662513707
2024-10-29 12:50:00	2024-10-29 14:50:00	301.711081415166	0.617837336019977	34.5075817528875	5.43477477646813	50.0721663335121	-838.664849269135	39.3534956261169
2024-10-29 13:00:00	2024-10-29 15:00:00	301.711081415166	0.617772292859443	34.5311482693069	5.43666068316222	50.0612152812258	-838.66433717006	39.3438783031997
2024-10-29 13:10:00	2024-10-29 15:10:00	301.711081415166	0.617733266963123	34.5472727279096	5.44246992720299	49.8825635191238	-838.275428596632	39.386379728781
2024-10-29 13:20:00	2024-10-29 15:20:00	301.788780046058	0.617682878424881	34.5944057607485	5.4333784896923	50.0686864995131	-838.557175889534	39.336664161684
2024-10-29 13:30:00	2024-10-29 15:30:00	303.534409286766	0.617704276297285	34.660143938129	5.44165645346251	49.9689491451908	-837.014751412412	39.3482516411425
2024-10-29 13:40:00	2024-10-29 15:40:00	306.533576439197	0.617712453151752	34.6787490826707	5.43864145487651	49.8932412131894	-835.648733758821	39.3621946571478
2024-10-29 13:50:00	2024-10-29 15:50:00	306.683793792255	0.617669391924656	34.660143938129	5.4440084495868	49.7963357500053	-835.556993939015	39.411882389619
2024-10-29 14:00:00	2024-10-29 16:00:00	307.730132206924	0.617633392526418	34.6204529631068	5.43253944202665	50.2670096860019	-835.544536154211	39.3446043439173
2024-10-29 14:10:00	2024-10-29 16:10:00	310.596136935741	0.617556063559503	34.5999404003853	5.44118149977171	49.8457819889785	-835.541075860371	39.3513099814431
2024-10-29 14:20:00	2024-10-29 16:20:00	311.340520289738	0.617544509056431	34.5633971865124	5.4402149633807	49.8232349387124	-835.540923906117	39.4368775909594
2024-10-29 14:30:00	2024-10-29 16:30:00	312.278083769168	0.617518120117014	34.5695989013596	5.43805715570507	49.8588271480686	-835.541623558228	39.3929477391951
2024-10-29 14:40:00	2024-10-29 16:40:00	312.278083769168	0.617451484062754	34.6142512482595	5.43899936598407	49.8823181375306	-835.539284409231	39.3956395063183
2024-10-29 14:50:00	2024-10-29 16:50:00	312.278083769168	0.617421112889018	34.6117705623207	5.43751558294612	49.8773171981439	-835.535363861896	39.4077223250922
2024-10-29 15:00:00	2024-10-29 17:00:00	312.278083769168	0.617352087494167	34.6216933060762	5.39413446558349	50.0467706410677	-835.362153628379	39.4524593810023
2024-10-29 15:10:00	2024-10-29 17:10:00	312.278083769168	0.617288531034445	34.5882040459012	5.39792485567275	49.8791433894361	-835.170646640808	39.3324582494328
2024-10-29 15:20:00	2024-10-29 17:20:00	312.278083769168	0.617279079864996	34.5460323849402	5.39711404459275	49.9232474746855	-834.826089226598	39.3331621812661
2024-10-29 15:30:00	2024-10-29 17:30:00	312.278083769168	0.617237133663509	34.5361096411846	5.38556286609147	50.1891060315746	-832.959666423457	39.3351712059784
2024-10-29 15:40:00	2024-10-29 17:40:00	312.278083769168	0.617113578206724	34.5311482693069	5.36642855436286	50.3555243490513	-832.456573923534	39.3444515042383
2024-10-29 15:50:00	2024-10-29 17:50:00	312.278083769168	0.617021933720943	34.5150238107042	5.33941128145144	50.0659801124638	-832.420489005194	39.3346139283517
2024-10-29 16:00:00	2024-10-29 18:00:00	312.278083769168	0.616947492487418	34.408354315332	5.33814156393233	50.0448837556023	-832.419329763659	39.3336524217461
2024-10-29 16:10:00	2024-10-29 18:10:00	312.278083769168	0.616861847901344	34.3823071129736	5.34254430401166	49.8307934211545	-832.419685763498	39.3502897542924
2024-10-29 16:20:00	2024-10-29 18:20:00	312.278083769168	0.616917970857005	34.3550195676459	5.33912569563344	49.987342657667	-832.419077873302	39.3326601549536
2024-10-29 16:30:00	2024-10-29 18:30:00	312.278083769168	0.616898238607089	34.2834965974248	5.33712862013208	50.0434493592411	-832.41924820637	39.3338982630159
2024-10-29 16:40:00	2024-10-29 18:40:00	312.278083769168	0.616966819597976	34.2334659566404	5.33728907911956	50.1112640611826	-832.419955460345	39.3328758106123
2024-10-29 16:50:00	2024-10-29 18:50:00	312.278083769168	0.6169487668024	34.2334659566404	5.33352413911079	50.5059062239925	-832.365596533468	39.3373505401498
2024-10-29 17:00:00	2024-10-29 19:00:00	312.278083769168	0.616956412692291	34.1950153245877	5.34210075431211	49.8878630321645	-831.788692750362	39.3353831419949
2024-10-29 17:10:00	2024-10-29 19:10:00	312.278083769168	0.616884997956848	34.1156333745432	5.34046266081049	49.9281286928618	-829.907735301727	39.3339291380478
2024-10-29 17:20:00	2024-10-29 19:20:00	312.278083769168	0.616831529824066	34.0871054862461	5.34062706461508	49.909742942988	-829.33171638423	39.3421100103855
2024-10-29 17:30:00	2024-10-29 19:30:00	312.278083769168	0.616829936930339	34.0846248003072	5.34315101906908	49.8435188272202	-829.309107470022	39.3331049656466
2024-10-29 17:40:00	2024-10-29 19:40:00	312.278083769168	0.616778274077115	34.0821441143683	5.34154555863903	49.9411237060919	-829.298052758698	39.3387382174438
2024-10-29 17:50:00	2024-10-29 19:50:00	312.278083769168	0.616697726750968	34.0697406846739	5.34761481457264	49.8100578950605	-829.296384667448	39.3656395891211
2024-10-29 18:00:00	2024-10-29 20:00:00	312.278083769168	0.616648400141878	34.0250883377739	5.34696989343333	49.893271065345	-829.296515941577	39.421663376792
2024-10-29 18:10:00	2024-10-29 20:10:00	312.278083769168	0.616562012205398	33.9519081025767	5.34434438634674	49.8977612359123	-829.02688473082	39.5651943796533
2024-10-29 18:20:00	2024-10-29 20:20:00	312.278083769168	0.616563704153021	33.935783643974	5.33964643438796	50.2680738997855	-829.280069430774	39.3526626654421
2024-10-29 18:30:00	2024-10-29 20:30:00	312.278083769168	0.616460704164338	33.935783643974	5.34688171602552	49.9310091914365	-828.801841102691	39.3321844586924
2024-10-29 18:40:00	2024-10-29 20:40:00	312.278083769168	0.616315803931606	33.935783643974	5.34666690743865	49.9216078984394	-827.231748978342	39.3323115116387
2024-10-29 18:50:00	2024-10-29 20:50:00	312.278083769168	0.616256123513288	33.9283415861573	5.34963075817432	49.829258613992	-826.187973566859	39.3461721521976
2024-10-29 19:00:00	2024-10-29 21:00:00	312.278083769168	0.616250211958948	33.9070160255231	5.35245580348728	49.9499510261984	-826.175617407825	39.3331594200702
2024-10-29 19:10:00	2024-10-29 21:10:00	312.278083769168	0.616236265438153	33.8700454665934	5.35245850361339	49.8808903396659	-826.176032430233	39.3322614009536
2024-10-29 19:20:00	2024-10-29 21:20:00	312.278083769168	0.616256548284948	33.7993459173352	5.35193686984694	49.8632973651008	-826.175291576242	39.3322553826562
2024-10-29 19:30:00	2024-10-29 21:30:00	312.278083769168	0.616197664313494	33.7894231735797	5.34744551890343	49.9348532946711	-826.169179530811	39.332349251379
2024-10-29 19:40:00	2024-10-29 21:40:00	312.278083769168	0.616178124817105	33.7869424876408	5.35271207558319	49.8075493241277	-825.287277337161	39.3341870053762
2024-10-29 19:50:00	2024-10-29 21:50:00	312.278083769168	0.616164864980749	33.7869424876408	5.35080925212293	49.8480069852284	-823.802790321401	39.3323132761068
2024-10-29 20:00:00	2024-10-29 22:00:00	312.278083769168	0.616169681163908	33.766030920222	5.35019252938547	49.8322674428646	-823.163555043657	39.3355914063803
2024-10-29 20:10:00	2024-10-29 22:10:00	312.278083769168	0.616142390901155	33.7125219094742	5.3480296942302	49.9292624495987	-823.052540401813	39.3615594760041
2024-10-29 20:20:00	2024-10-29 22:20:00	312.32997920464	0.616066462966817	33.6641485336659	5.35235682713612	49.9442382288952	-823.053022866728	39.4003938359249
2024-10-29 20:30:00	2024-10-29 22:30:00	313.371804121308	0.616033524869381	33.649358225484	5.35133264677332	49.7829883099847	-823.052899942635	39.3322061858139
2024-10-29 20:40:00	2024-10-29 22:40:00	313.523562773173	0.616059985198992	33.6381013313076	5.34603542344645	49.9965945856901	-823.049286103174	39.3323294411498
2024-10-29 20:50:00	2024-10-29 22:50:00	313.523562773173	0.615927244055046	33.6381013313076	5.35647633444626	49.7395202730529	-822.529968380937	39.332238080051
2024-10-29 21:00:00	2024-10-29 23:00:00	313.523562773173	0.615731689801784	33.6381013313076	5.35414681613028	49.8383396605659	-820.424153037568	39.3324159541757
2024-10-29 21:10:00	2024-10-29 23:10:00	313.523562773173	0.615721282896099	33.6356206453686	5.34745239228283	50.1966272639447	-819.956772429502	39.3389291730067
2024-10-29 21:20:00	2024-10-29 23:20:00	313.523562773173	0.615737052544	33.628178587552	5.35388643270341	49.7944431858576	-819.930081669748	39.3321817838936
2024-10-29 21:30:00	2024-10-29 23:30:00	313.523562773173	0.61562586856183	33.6021313851936	5.3497143533292	50.0820530756993	-819.930013953095	39.3321452143778
2024-10-29 21:40:00	2024-10-29 23:40:00	313.523562773173	0.615572241139676	33.5686421250187	5.35253373925278	50.083908389775	-819.930261164374	39.3321871334913
2024-10-29 21:50:00	2024-10-29 23:50:00	313.523562773173	0.615478101120389	33.4979425757604	5.35428069222275	49.8483775390592	-819.784133303429	39.3322249986128
2024-10-29 22:00:00	NA	313.839537205467	0.615428986897129	33.4991829187299	5.35455655623386	49.8858384516778	-818.272014433641	39.3321951578879
2024-10-29 22:10:00	2024-10-30 00:10:00	314.145151820309	0.615387412370845	33.4892601749743	5.35316008369101	49.9156577855398	-817.352831817261	39.3325181398512
2024-10-29 22:20:00	2024-10-30 00:20:00	314.145151820309	0.615336492868027	33.4892601749743	5.3588954543838	49.7125177740062	-816.809471173432	39.3321789837135
2024-10-29 22:30:00	2024-10-30 00:30:00	314.145151820309	0.615273679758712	33.4892601749743	5.35597166740013	49.814031201342	-816.80810241319	39.3328782764425
2024-10-29 22:40:00	2024-10-30 00:40:00	314.145151820309	0.615228457639649	33.4892601749743	5.35132958708137	50.0503836121695	-816.808638451579	39.3321817838936
2024-10-29 22:50:00	2024-10-30 00:50:00	314.145151820309	0.615302351845804	33.4594919437077	5.35954532931007	49.8051872527788	-816.788343057387	39.3620597469799
2024-10-29 23:00:00	2024-10-30 01:00:00	314.145151820309	0.615344484554176	33.4067096176804	5.35279230715836	50.070440310043	-816.593493403887	39.3503594444631
2024-10-29 23:10:00	2024-10-30 01:10:00	314.145151820309	0.615329271749796	33.376388964755	5.3614177369347	49.7653664569275	-814.611833736472	39.3321817838936
2024-10-29 23:20:00	2024-10-30 01:20:00	314.145151820309	0.615430951466059	33.3503417623967	5.36162232833598	49.7436460701886	-813.689739693878	39.3321817838936
2024-10-29 23:30:00	2024-10-30 01:30:00	314.145151820309	0.615473853403783	33.3565434772438	5.36045496843984	49.862221906029	-813.685991882501	39.332192483089
2024-10-29 23:40:00	2024-10-30 01:40:00	314.145151820309	0.615724787262299	33.34289970458	5.36090780648994	49.83447055029	-813.685312116471	39.3322249986128
2024-10-29 23:50:00	2024-10-30 01:50:00	314.145151820309	0.615860023939752	33.3404190186411	5.36226099531926	49.8244695050847	-813.685947171314	39.3324406960652
NA	2024-10-30 02:00:00	314.202338585011	0.615885881914592	33.3404190186411	5.36181088185198	49.8652697433887	-813.542752702252	39.3328095675466
2024-10-30 00:10:00	2024-10-30 02:10:00	315.772435123524	0.615930960807076	33.3404190186411	5.36638409412494	49.7651286816427	-811.696443045189	39.3349638254787
2024-10-30 00:20:00	2024-10-30 02:20:00	317.264555815404	0.615836130533841	33.3404190186411	5.36186970807209	49.8097496832759	-810.575318837701	39.3332884819252
2024-10-30 00:30:00	2024-10-30 02:30:00	319.468915769618	0.615678115476088	33.3379383327022	5.36121816124272	49.957132640882	-810.56254638491	39.334007166946
2024-10-30 00:40:00	2024-10-30 02:40:00	321.007815425431	0.615534828661764	33.3404190186411	5.36285775701146	49.8798932219808	-810.561873981546	39.3326203441407
2024-10-30 00:50:00	2024-10-30 02:50:00	321.007815425431	0.615288918442037	33.3404190186411	5.36903635166109	49.7932601444101	-810.558081894778	39.333052765275
2024-10-30 01:00:00	2024-10-30 03:00:00	321.007815425431	0.615075417586113	33.3354576467634	5.36527915194444	49.8053149449837	-809.634504064612	39.3359376612353
2024-10-30 01:10:00	2024-10-30 03:10:00	321.007815425431	0.615229078734346	33.3118911303439	5.36426963208518	49.7933026563804	-807.521767325318	39.3335334349903
2024-10-30 01:20:00	2024-10-30 03:20:00	321.007815425431	0.615208530405263	33.3081701014355	5.36123587103109	49.8106398297517	-807.440725957049	39.3327640541721
2024-10-30 01:30:00	2024-10-30 03:30:00	321.007815425431	0.615083859922868	33.3143718162828	5.36193813225441	49.9114137780358	-807.440160048579	39.3340056623717
2024-10-30 01:40:00	2024-10-30 03:40:00	321.687634564374	0.615009790364546	33.3242945600384	5.36100031846134	50.0615521469119	-807.422062155334	39.3351059241685
2024-10-30 01:50:00	2024-10-30 03:50:00	323.579351063326	0.614771812041679	33.3044490725272	5.36563984955716	49.9957938914851	-805.133786431476	39.3322870205115
2024-10-30 02:00:00	2024-10-30 04:00:00	324.413316368234	0.614667477502537	33.2895649568939	5.36368805749656	50.0569797656962	-804.318425923709	39.3332204835227
2024-10-30 02:10:00	2024-10-30 04:10:00	327.117218039119	0.614539833618519	33.2771615271995	5.36731361032487	49.7922800767814	-804.317552755793	39.332597171799
2024-10-30 02:20:00	2024-10-30 04:20:00	327.558117560747	0.614828253576086	33.2722001553218	5.36830777344456	49.92880226794	-803.689012099345	39.3332083215466
2024-10-30 02:30:00	2024-10-30 04:30:00	329.083719133018	0.615008718619243	33.2766299516412	5.36794340212009	49.8729590741239	-801.278609232686	39.3671400845566
2024-10-30 02:40:00	2024-10-30 04:40:00	329.716930472598	0.615161486943849	33.2535950107801	5.36951296788858	49.7946012511981	-801.19544651426	39.3382127030537
2024-10-30 02:50:00	2024-10-30 04:50:00	329.716930472598	0.61518601750725	33.2647580975051	5.37340943094103	49.7877481757139	-801.126048251354	39.4000176505404
2024-10-30 03:00:00	2024-10-30 05:00:00	329.716930472598	0.615137381598296	33.210339352602	5.36599593941951	49.9134162641535	-799.837811855681	39.3322222430361
2024-10-30 03:10:00	2024-10-30 05:10:00	329.716930472598	0.615086567842205	33.1940585482468	5.36790682631283	50.0720873529398	-798.075746358532	39.3322226163701
2024-10-30 03:20:00	2024-10-30 05:20:00	329.716930472598	0.615179592835882	33.1915778623079	5.368891886849	49.8319088393944	-798.025773287286	39.3370041954901
2024-10-30 03:30:00	2024-10-30 05:30:00	329.716930472598	0.61520661893279	33.1915778623079	5.36449416247895	50.0476860029769	-795.822029523767	39.3328858411081
2024-10-30 03:40:00	2024-10-30 05:40:00	329.716930472598	0.615330599161236	33.1915778623079	5.37247768553697	49.7970875762836	-794.95149982881	39.3322031822845
2024-10-30 03:50:00	2024-10-30 05:50:00	329.716930472598	0.615414385371295	33.1990199201246	5.37142630617794	49.6934330773269	-794.592967958704	39.3321788583323
2024-10-30 04:00:00	2024-10-30 06:00:00	329.716930472598	0.615574099515691	33.1940585482468	5.37090776852833	49.8590749782679	-791.848881036667	39.3388389403386
2024-10-30 04:10:00	2024-10-30 06:10:00	329.716930472598	0.615652257501247	33.1915778623079	5.36967638093579	49.81034667429	-791.790225026665	39.3348751391787
2024-10-30 04:20:00	2024-10-30 06:20:00	329.716930472598	0.615601178709056	33.1915778623079	5.37332595963083	49.7995480607599	-789.274478143096	39.332197958068
2024-10-30 04:30:00	2024-10-30 06:30:00	329.716930472598	0.615616151910093	33.189097176369	5.37606026426344	49.5743242268198	-788.705750658596	39.3321844586924
2024-10-30 04:40:00	2024-10-30 06:40:00	329.716930472598	0.615704876090707	33.189097176369	5.37616738990635	49.7282006794947	-788.676455992024	39.3323179478734
2024-10-30 04:50:00	2024-10-30 06:50:00	329.716930472598	0.615788396818478	33.1915778623079	5.37097012432164	49.9161430263379	-786.05415012923	39.3323268081447
2024-10-30 05:00:00	2024-10-30 07:00:00	329.716930472598	0.615947102130181	33.1915778623079	5.36917159004498	50.0504682968164	-785.582861321397	39.3709919452434
2024-10-30 05:10:00	2024-10-30 07:10:00	329.716930472598	0.61608401558484	33.1915778623079	5.37668681528291	49.8673364300067	-784.952020486421	39.3925507861888
2024-10-30 05:20:00	2024-10-30 07:20:00	329.716930472598	0.616174514257989	33.1915778623079	5.37020686959642	49.8986328354991	-782.523748075128	39.3321817838936
2024-10-30 05:30:00	2024-10-30 07:30:00	329.716930472598	0.616419448216799	33.1940585482468	5.36919035251308	49.9069553351522	-782.461889756239	39.3326690570186
2024-10-30 05:40:00	2024-10-30 07:40:00	329.716930472598	0.616515658997932	33.2188654076356	5.36376124969883	50.2923760472707	-782.210751040961	39.3321817838936
2024-10-30 05:50:00	2024-10-30 07:50:00	329.716930472598	0.616651639025791	33.2833632420468	5.36885733418498	49.9943582268219	-779.439973619119	39.3635960845797
2024-10-30 06:00:00	2024-10-30 08:00:00	329.716930472598	0.61682552992436	33.2932859858022	5.37551417117389	49.7927355175219	-779.339953911125	39.3322036002218
2024-10-30 06:10:00	2024-10-30 08:10:00	329.716930472598	0.616986571480196	33.3193331881605	5.37559770440644	49.772653612971	-778.204145327651	39.3321844586924
2024-10-30 06:20:00	2024-10-30 08:20:00	329.716930472598	0.617180267357442	33.3379383327022	5.37212076518681	49.8556974647465	-776.224269054057	39.3376572225575
2024-10-30 06:30:00	2024-10-30 08:30:00	329.716930472598	0.617389520496759	33.3404190186411	5.37456310600071	49.7883577223467	-776.215791344855	39.3321951578879
2024-10-30 06:40:00	2024-10-30 08:40:00	329.716930472598	0.617550562052595	33.3689469069384	5.37146779414369	49.9968238690004	-775.222870360921	39.3321817838936
2024-10-30 06:50:00	2024-10-30 08:50:00	329.716930472598	0.61776247046098	33.4242203419548	5.37381195371005	49.8019816832431	-773.099342110616	39.3321817838936
2024-10-30 07:00:00	2024-10-30 09:00:00	329.716930472598	0.617975493002597	33.4768567452799	5.37157628207802	49.8323952263486	-773.095025009251	39.3321817838936
2024-10-30 07:10:00	2024-10-30 09:10:00	329.716930472598	0.618095437900267	33.4892601749743	5.37710501793242	49.7828241329794	-772.714648344343	39.3321817838936
2024-10-30 07:20:00	2024-10-30 09:20:00	329.716930472598	0.618212978286929	33.5780645623664	5.37863171783307	49.7780090718241	-770.102995659402	39.3321817838936
2024-10-30 07:30:00	2024-10-30 09:30:00	329.716930472598	0.618277027785185	33.628178587552	5.37650443318637	49.6406455574609	-769.972008557103	39.3321817838936
2024-10-30 07:40:00	2024-10-30 09:40:00	329.716930472598	0.618425326191202	33.6480240750632	5.37456719287494	49.7479794778654	-769.972593311859	39.3321166274649
2024-10-30 07:50:00	2024-10-30 09:50:00	329.716930472598	0.618534970376102	33.7435304837102	5.37482559478703	49.8731202872345	-767.546666526438	39.333019664639
2024-10-30 08:00:00	2024-10-30 10:00:00	329.716930472598	0.618711675386923	33.7819811157631	5.37694197641924	49.8558765255821	-766.850841640447	39.3321871334913
2024-10-30 08:10:00	2024-10-30 10:10:00	329.716930472598	0.618851690745557	33.8018266032741	5.37361408426465	49.8990136718996	-766.837799620783	39.3321817838936
2024-10-30 08:20:00	2024-10-30 10:20:00	329.716930472598	0.619003493517775	33.8650840947157	5.37101761875408	49.9580452936951	-764.583488283184	39.332192483089
2024-10-30 08:30:00	2024-10-30 10:30:00	329.716930472598	0.619169419947708	33.9333029580351	5.37593635766721	49.9356466430577	-763.728511712998	39.3321844586924
2024-10-30 08:40:00	2024-10-30 10:40:00	329.716930472598	0.619313258251288	33.935783643974	5.37363550939323	49.8883616621493	-763.72456997984	39.3323609118303
2024-10-30 08:50:00	2024-10-30 10:50:00	329.716930472598	0.61943251289501	33.9333029580351	5.37553336709834	49.932842051273	-761.0570469385	39.3325414607539
2024-10-30 09:00:00	2024-10-30 11:00:00	329.716930472598	0.619449928533095	33.935783643974	5.37940277008955	49.7918655329731	-760.604507975425	39.3329233718797
2024-10-30 09:10:00	2024-10-30 11:10:00	329.716930472598	0.619552347584066	34.01208037117	5.37654182335041	49.8026976936769	-760.04376063634	39.3321817838936
2024-10-30 09:20:00	2024-10-30 11:20:00	329.716930472598	0.619612350596828	34.0846248003072	5.37601066447154	49.7277290362754	-757.500230970085	39.3321871334913
2024-10-30 09:30:00	2024-10-30 11:30:00	329.716930472598	0.619705481783421	34.1131526886045	5.37417770137555	49.8031897111555	-757.484819387418	39.3322920357594
2024-10-30 09:40:00	2024-10-30 11:40:00	329.716930472598	0.619794790025068	34.1689681222294	5.3768814163737	49.8531323674806	-757.478411910212	39.3415813196718
2024-10-30 09:50:00	2024-10-30 11:50:00	329.716930472598	0.619938044267615	34.2235432128848	5.37978142517999	49.5164228711951	-756.265375926808	39.3328234430658
2024-10-30 10:00:00	2024-10-30 12:00:00	329.716930472598	0.61999034427833	34.1925346386488	5.37615333353587	49.8103263039709	-754.366240260758	39.332984056379
2024-10-30 10:10:00	2024-10-30 12:10:00	329.716930472598	0.620042644289045	33.8663244376851	5.37213667922741	49.9612523946493	-754.36194460735	39.332847140112
2024-10-30 10:20:00	2024-10-30 12:20:00	329.716930472598	0.620138642684347	33.3193331881605	5.37375198530903	49.8587388940519	-754.362175701806	39.3321733833534
2024-10-30 10:30:00	2024-10-30 12:30:00	329.716930472598	0.620281525251691	32.6929599885916	5.37589152589525	49.6948851007629	-752.175334067194	39.3313943063893
2024-10-30 10:40:00	2024-10-30 12:40:00	329.716930472598	0.620369033568044	32.1171698514656	5.37594861776957	49.7918202085863	-751.239110633777	39.331591417572
2024-10-30 10:50:00	2024-10-30 12:50:00	329.716930472598	0.620401735631648	31.706887327884	5.38275530733425	49.6439315868895	-750.493777990296	39.3296381337576
2024-10-30 11:00:00	2024-10-30 13:00:00	329.716930472598	0.620393877355927	31.3754656018387	5.37588473889491	49.7748368025438	-748.169047735899	39.3183429027672
2024-10-30 11:10:00	2024-10-30 13:10:00	329.716930472598	0.620507132099942	31.1561750494511	5.37758689755855	49.7904619085817	-748.116604856446	39.3257073914399
2024-10-30 11:20:00	2024-10-30 13:20:00	329.716930472598	0.620651501368098	30.9812866907596	5.38018441574884	49.8347980904337	-748.115620690407	39.3317471708713
2024-10-30 11:30:00	2024-10-30 13:30:00	329.716930472598	0.620677306246481	30.8808189102347	5.38595607293109	49.3327519875035	-746.68335626281	39.3213141596804
2024-10-30 11:40:00	2024-10-30 13:40:00	329.716930472598	0.620716597625089	30.7307374109321	5.3787006327109	49.6710854827323	-744.995067902718	39.2974697905531
2024-10-30 11:50:00	2024-10-30 13:50:00	329.716930472598	0.620729977932399	30.6513554608876	5.37469611518047	49.8028572737996	-744.96397335087	39.2264975132648
2024-10-30 12:00:00	2024-10-30 14:00:00	329.716930472598	0.620705765947743	30.5372439076989	5.38268075284056	49.4767192958501	-743.184763229747	39.3004573319199
2024-10-30 12:10:00	2024-10-30 14:10:00	329.716930472598	0.620709535796231	30.4367761271739	5.37948314528291	49.535480060129	-741.885651710215	39.2549086417282
2024-10-30 12:20:00	2024-10-30 14:20:00	329.716930472598	0.620815781807846	30.3561538341601	5.37587257766014	49.7580344966016	-741.873569291432	39.247478050473
2024-10-30 12:30:00	2024-10-30 14:30:00	329.716930472598	0.620898983956871	30.2891753138101	5.37809125499299	49.6900198766735	-741.871827114782	39.2575248875773
2024-10-30 12:40:00	2024-10-30 14:40:00	329.716930472598	0.620931001120791	30.3338276607101	5.38070629720464	49.7299482549007	-739.744964759383	39.3240627662797
2024-10-30 12:50:00	2024-10-30 14:50:00	329.716930472598	0.620911461624402	30.5025143045544	5.3784107123293	49.7818526615212	-738.749786510313	39.3281218153556
2024-10-30 13:00:00	2024-10-30 15:00:00	329.716930472598	0.62102269870303	30.937874686829	5.37960519420903	49.7506197525492	-738.748703563742	39.3320832760665
2024-10-30 13:10:00	2024-10-30 15:10:00	329.716930472598	0.621020203169523	31.4377329035148	5.38164949824103	49.5027990350712	-738.166627969902	39.3074820642407
2024-10-30 13:20:00	2024-10-30 15:20:00	329.716930472598	0.62101020675746	31.883276605799	5.38085648853202	49.7293630213989	-735.640159515741	39.3449158775589
2024-10-30 13:30:00	2024-10-30 15:30:00	329.716930472598	0.62108912237146	32.2749644078892	5.37758082916953	49.7881171858677	-735.626339712979	39.298070115724
2024-10-30 13:40:00	2024-10-30 15:40:00	329.716930472598	0.62111105120844	32.6160587244861	5.38143580425623	49.7305445165427	-735.625388170509	39.331792015546
2024-10-30 13:50:00	2024-10-30 15:50:00	329.716930472598	0.621125387251986	32.8579256035275	5.38159977460446	49.4919031024718	-734.442434368474	39.3321817838936
2024-10-30 14:00:00	2024-10-30 16:00:00	329.716930472598	0.621178696095395	33.0787066520886	5.37818469579945	49.7953877226483	-732.524439159284	39.3331647306838
2024-10-30 14:10:00	2024-10-30 16:10:00	329.716930472598	0.621211668995552	33.2188654076356	5.37927911118266	49.808727312069	-732.502052111351	39.3336512933154
2024-10-30 14:20:00	2024-10-30 16:20:00	329.716930472598	0.621283349213283	33.3404190186411	5.37657428158244	49.9517071027725	-732.500699597905	39.3321978326868
2024-10-30 14:30:00	2024-10-30 16:30:00	329.716930472598	0.621320304347757	33.4235219975938	5.38399102949038	49.6722780060164	-730.946022955454	39.332337381959
2024-10-30 14:40:00	2024-10-30 16:40:00	329.716930472598	0.621451718080264	33.4917408609133	5.38001375778822	49.872907466893	-729.38252352181	39.3330993234927
2024-10-30 14:50:00	2024-10-30 16:50:00	329.716930472598	0.621527964147158	33.5267831555625	5.38335994096857	49.7989396502138	-729.281571507555	39.3362630577524
2024-10-30 15:00:00	2024-10-30 17:00:00	329.716930472598	0.621484850269793	33.6306592734909	5.37998223931871	49.8463344637814	-726.529658827828	39.3379647826336
2024-10-30 15:10:00	2024-10-30 17:10:00	329.716930472598	0.621590930299204	33.6418536293664	5.38699329392991	49.6417679787232	-726.256623308334	39.3476546664943
2024-10-30 15:20:00	2024-10-30 17:20:00	329.716930472598	0.621602618212702	33.7013588227492	5.38421778908828	49.7399491438119	-726.245725755701	39.3424922558612
2024-10-30 15:30:00	2024-10-30 17:30:00	329.716930472598	0.621696545846159	33.7187236243214	5.38548979773387	49.7686751489872	-725.322947267999	39.3321817838936
2024-10-30 15:40:00	2024-10-30 17:40:00	329.716930472598	0.621755536010528	33.7509725415269	5.3849822203379	49.7911824239604	-723.161110495399	39.3321871334913
2024-10-30 15:50:00	2024-10-30 17:50:00	329.716930472598	0.621864808520225	33.7621356282519	5.38157451029099	49.8434904859066	-723.134766117381	39.3326991902996
2024-10-30 16:00:00	2024-10-30 18:00:00	329.716930472598	0.622001584994948	33.7063201946269	5.38194016169067	49.763999822118	-723.012226137708	39.3322059824646
2024-10-30 16:10:00	2024-10-30 18:10:00	329.716930472598	0.622083937600652	33.6765519633603	5.38063688226492	49.8345179594726	-720.640083792385	39.3320273978464
2024-10-30 16:20:00	2024-10-30 18:20:00	329.716930472598	0.62210655669158	33.6492644180325	5.38278732118245	49.711155567527	-720.009951989521	39.3321952832691
2024-10-30 16:30:00	2024-10-30 18:30:00	329.716930472598	0.622181369600309	33.6604275047575	5.37923099752686	49.8932559048262	-717.951879486935	39.3326511275074
2024-10-30 16:40:00	2024-10-30 18:40:00	329.716930472598	0.622281350229929	33.6430627031853	5.37570396313664	50.0795896216369	-716.889948733529	39.3336999830136
2024-10-30 16:50:00	2024-10-30 18:50:00	329.716930472598	0.622270624745498	33.6381013313076	5.37592694547199	49.949371184621	-716.881678463444	39.3327860794691
2024-10-30 17:00:00	2024-10-30 19:00:00	329.716930472598	0.622334128108762	33.6356206453686	5.38479168530712	49.8400377428691	-715.070229755943	39.3329322321509
2024-10-30 17:10:00	2024-10-30 19:10:00	329.716930472598	0.622313685972594	33.6256979016132	5.38239745814902	49.7401938481311	-713.769298335078	39.3332407952766
2024-10-30 17:20:00	2024-10-30 19:20:00	329.716930472598	0.622334316400402	33.5868199245037	5.38267625592598	49.8299395029293	-713.76827425161	39.3346040221836
2024-10-30 17:30:00	2024-10-30 19:30:00	329.716930472598	0.622391366090032	33.5115863484243	5.37932790598418	49.9708076372447	-713.062890674752	39.3348971644756
2024-10-30 17:40:00	2024-10-30 19:40:00	329.716930472598	0.62236465857187	33.4892601749743	5.37920121288279	50.0316639394901	-710.690168123776	39.3324586673701
2024-10-30 17:50:00	2024-10-30 19:50:00	329.716930472598	0.622463524175881	33.4892601749743	5.38298906415623	49.9361151082988	-710.644854634214	39.3329063200369
2024-10-30 18:00:00	2024-10-30 20:00:00	329.716930472598	0.622496921847698	33.4892601749743	5.38227961994181	49.8380494225923	-708.961212208495	39.3328653203855
2024-10-30 18:10:00	2024-10-30 20:10:00	329.716930472598	0.622555805819152	33.4669340015244	5.38306039868839	49.7914262947115	-707.523102962802	39.3322336917091
2024-10-30 18:20:00	2024-10-30 20:20:00	329.716930472598	0.622581132829417	33.3925134233577	5.37890101339326	50.0217887630596	-707.311901086723	39.3321817838936
2024-10-30 18:30:00	2024-10-30 20:30:00	329.716930472598	0.622628919641238	33.3714275928771	5.38369287343798	49.77743876243	-704.666344106285	39.3322315602287
2024-10-30 18:40:00	2024-10-30 20:40:00	329.716930472598	0.622687538130405	33.3404190186411	5.3843465256268	49.8616368454575	-704.401053520074	39.3321817838936
2024-10-30 18:50:00	2024-10-30 20:50:00	329.716930472598	0.62277904162055	33.3404190186411	5.38882860955435	49.6368482636252	-703.624408996652	39.3335271768179
2024-10-30 19:00:00	2024-10-30 21:00:00	329.716930472598	0.622878154413112	33.3404190186411	5.38690639503622	49.813418528829	-701.290511879375	39.3317422810046
2024-10-30 19:10:00	2024-10-30 21:10:00	329.716930472598	0.622899180610313	33.3304962748855	5.3811139938711	49.9981935775919	-700.756290124444	39.3321844586924
2024-10-30 19:20:00	2024-10-30 21:20:00	329.716930472598	0.622950592259288	33.2978929739745	5.37942911101912	50.0707036720142	-698.171473150185	39.3321817838936
2024-10-30 19:30:00	2024-10-30 21:30:00	329.716930472598	0.622995391391445	33.2597967256272	5.38821301826817	49.7648159894299	-697.837286405221	39.3326143908167
2024-10-30 19:40:00	2024-10-30 21:40:00	329.716930472598	0.623046151604891	33.2201057506051	5.3876933660165	49.8398624330897	-695.111313493252	39.332468990422
2024-10-30 19:50:00	2024-10-30 21:50:00	329.716930472598	0.623102540042839	33.1940585482468	5.38535709816579	49.7910884391634	-694.939252623217	39.3329581024713
2024-10-30 20:00:00	2024-10-30 22:00:00	329.716930472598	0.623077425418404	33.1915778623079	5.37995790384029	50.0206654259233	-692.527436376874	39.3321899336714
2024-10-30 20:10:00	2024-10-30 22:10:00	329.716930472598	0.623061124805928	33.1915778623079	5.38536477653557	49.8114530795755	-691.842416781362	39.3321951578879
2024-10-30 20:20:00	2024-10-30 22:20:00	329.716930472598	0.623046682569466	33.1494062013469	5.38151221642002	49.8893500133604	-689.052500891354	39.3321817838936
2024-10-30 20:30:00	2024-10-30 22:30:00	329.716930472598	0.623009833627907	33.102273168508	5.38104507431008	49.8738812306633	-687.884468018682	39.3321817838936
2024-10-30 20:40:00	2024-10-30 22:40:00	329.716930472598	0.622953710672246	33.0538997926997	5.37773315811842	50.0337488494642	-685.66605625595	39.3321844586924
2024-10-30 20:50:00	2024-10-30 22:50:00	329.716930472598	0.622962312298374	33.0427367059747	5.38101299853955	49.9907640377068	-684.21176233995	39.3321817838936
2024-10-30 21:00:00	2024-10-30 23:00:00	329.716930472598	0.623025974951011	33.0427367059747	5.3833661092659	49.8491659381355	-682.543726588451	39.3321817838936
2024-10-30 21:10:00	2024-10-30 23:10:00	329.716930472598	0.622981533216017	33.0104877887691	5.38634903208136	49.8249092122284	-681.885530326564	39.3701666862051
2024-10-30 21:20:00	2024-10-30 23:20:00	329.716930472598	0.622942078978526	32.9501800205237	5.38463839265934	50.0332972359568	-679.789680592186	39.3321180607441
2024-10-30 21:30:00	2024-10-30 23:30:00	329.716930472598	0.622909481323084	32.9224234379387	5.37769730508533	50.091689539081	-679.421081473119	39.3321789837135
2024-10-30 21:40:00	2024-10-30 23:40:00	329.716930472598	0.622972825396974	32.8938955496415	5.3926459145256	49.8743076528163	-677.848066614786	39.3321761835334
2024-10-30 21:50:00	2024-10-30 23:50:00	329.716930472598	0.623034895155884	32.8938955496415	5.38674966960141	49.8925359625256	-676.299964466626	39.3321817838936
2024-10-30 22:00:00	NA	329.716930472598	0.623027886423484	32.8914148637025	5.38839234535596	49.8727460151824	-676.176069633969	39.3322170995974
2024-10-30 22:10:00	2024-10-31 00:10:00	329.716930472598	0.622983073013287	32.8889341777637	5.38680279896652	49.9912258344036	-673.525451321027	39.3323754978428
2024-10-30 22:20:00	2024-10-31 00:20:00	329.716930472598	0.62296963960952	32.8864534918248	5.39208440277415	49.6050188592269	-673.175940323076	39.3321313806524
2024-10-30 22:30:00	2024-10-31 00:30:00	329.716930472598	0.622904702641901	32.8269170292915	5.39255903748686	49.7504798694117	-673.045409388269	39.3532894994291
2024-10-30 22:40:00	2024-10-31 00:40:00	329.716930472598	0.62283302242417	32.7673805667582	5.3916775730204	49.6607259511698	-671.218590299981	39.3321761835334
2024-10-30 22:50:00	2024-10-31 00:50:00	329.716930472598	0.622815128917966	32.7450543933082	5.38282466035163	49.9839889529328	-670.053789760277	39.3338610560578
2024-10-30 23:00:00	2024-10-31 01:00:00	329.716930472598	0.622828774707564	32.7425737073693	5.38963178285232	49.7573192431212	-668.786728624215	39.3311885140514
2024-10-30 23:10:00	2024-10-31 01:10:00	329.716930472598	0.62276219174976	32.7425737073693	5.38848442387101	49.7307947953481	-666.931628409605	39.332159382453
2024-10-30 23:20:00	2024-10-31 01:20:00	329.716930472598	0.622745625654996	32.6991617034389	5.39092094398524	49.700321996237	-666.931671561101	39.3321453815527
2024-10-30 23:30:00	2024-10-31 01:30:00	329.716930472598	0.622769457486863	32.64374234572	5.3881187610235	49.8480224307539	-665.87991209405	39.3357795288541
2024-10-30 23:40:00	2024-10-31 01:40:00	329.716930472598	0.622754545859869	32.6036552947917	5.39248169648801	49.7436981160933	-663.863145829857	39.4199379643473
2024-10-30 23:50:00	2024-10-31 01:50:00	329.716930472598	0.622802014092944	32.596213236975	5.3892162839714	49.7484036077062	-663.805204678967	39.3533591277872
NA	2024-10-31 02:00:00	329.716930472598	0.622836898465573	32.596213236975	5.38974423381622	49.7865485150034	-661.393016835859	39.3316060752309
2024-10-31 00:10:00	2024-10-31 02:10:00	329.716930472598	0.622782474596555	32.5937325510361	5.38946558329995	49.7280591813192	-660.686549907216	39.3207333939762
2024-10-31 00:20:00	2024-10-31 02:20:00	329.716930472598	0.622741855806508	32.5714063775861	5.38473923708772	49.872813065312	-660.686635170411	39.3316193656378
2024-10-31 00:30:00	2024-10-31 02:30:00	329.716930472598	0.622754545859869	32.5069085431751	5.38363503797527	50.0731021178384	-660.053829924433	39.3319319409618
2024-10-31 00:40:00	2024-10-31 02:40:00	329.716930472598	0.622747855706214	32.4548141384585	5.3860418972901	49.8589373353445	-657.611210788761	39.33125680501
2024-10-31 00:50:00	2024-10-31 02:50:00	329.716930472598	0.622670175588777	32.4473720806418	5.39353524312884	49.7429859363951	-657.56262584394	39.3383026431656
2024-10-31 01:00:00	2024-10-31 03:00:00	329.716930472598	0.622648459137627	32.4473720806418	5.39372540662561	49.7716339508602	-655.892840117327	39.3320921781315
2024-10-31 01:10:00	2024-10-31 03:10:00	329.716930472598	0.622598442274588	32.4473720806418	5.38934923122882	49.8565887573784	-654.441647910039	39.329559227191
2024-10-31 01:20:00	2024-10-31 03:20:00	329.716930472598	0.622592231327617	32.4448705486026	5.39478195832103	49.7584815670755	-654.441414810265	39.3321394282287
2024-10-31 01:30:00	2024-10-31 03:30:00	329.716930472598	0.622604813849498	32.4238055642224	5.38800817917754	49.8917761131547	-654.300812476056	39.3320893779514
2024-10-31 01:40:00	2024-10-31 03:40:00	329.716930472598	0.622613362379168	32.3580673868419	5.38600183353809	50.0450000904426	-651.647607672862	39.3321733833534
2024-10-31 01:50:00	2024-10-31 03:50:00	329.716930472598	0.622541257389776	32.3245781266669	5.38881595606303	49.8199060847256	-651.319815004636	39.3321817838936
2024-10-31 02:00:00	2024-10-31 04:00:00	329.716930472598	0.622556336783729	32.2985309243086	5.38954509158059	49.9098292172807	-651.319527501298	39.3321817838936
2024-10-31 02:10:00	2024-10-31 04:10:00	329.716930472598	0.622617238420571	32.2960502383696	5.38386743250583	50.1693747465825	-650.285274663096	39.3321817838936
2024-10-31 02:20:00	2024-10-31 04:20:00	329.716930472598	0.622632848779099	32.2960502383696	5.39260900881278	49.990414355912	-648.222601587195	39.3321817838936
2024-10-31 02:30:00	2024-10-31 04:30:00	329.716930472598	0.622739094790714	32.2278313750503	5.38591148884849	50.2518351528247	-648.197059671027	39.3321789837135
2024-10-31 02:40:00	2024-10-31 04:40:00	329.716930472598	0.622713236815873	32.190621085967	5.38947499549516	50.0769765421105	-648.197183926539	39.3321817838936
2024-10-31 02:50:00	2024-10-31 04:50:00	329.716930472598	0.622713077526501	32.1521704539143	5.39406145914823	49.8095397804227	-648.161713137164	39.3321817838936
2024-10-31 03:00:00	2024-10-31 05:00:00	329.716930472598	0.622705099226013	32.1471882359362	5.39788454839424	49.6694245055898	-645.605831909036	39.3321817838936
2024-10-31 03:10:00	2024-10-31 05:10:00	329.716930472598	0.622729770438424	32.1496897679754	5.39363388387633	49.7970185197351	-645.074806090102	39.3321817838936
2024-10-31 03:20:00	2024-10-31 05:20:00	329.716930472598	0.622744078272518	32.1409344058381	5.39656750711938	49.7634260790716	-645.074948455516	39.3321817838936
2024-10-31 03:30:00	2024-10-31 05:30:00	329.716930472598	0.622755713981936	32.1087584499837	5.39608396651762	49.7838709902476	-645.074979684319	39.3321817838936
2024-10-31 03:40:00	2024-10-31 05:40:00	329.716930472598	0.622758368804815	32.0864322765337	5.39643153659491	49.7286216834554	-645.066933879996	39.3321817838936
2024-10-31 03:50:00	2024-10-31 05:50:00	329.716930472598	0.622778757844525	32.0095310124282	5.39044209855362	49.8308263991903	-643.554005399768	39.3321789837135
2024-10-31 04:00:00	2024-10-31 06:00:00	329.716930472598	0.622825588920109	32.0008486116421	5.39848531474446	49.76314364354	-641.955862203758	39.3321817838936
2024-10-31 04:10:00	2024-10-31 06:10:00	329.716930472598	0.622870136848018	31.9983679257032	5.40126779495522	49.6129702127081	-641.952886960123	39.3321817838936
2024-10-31 04:20:00	2024-10-31 06:20:00	329.716930472598	0.622826491559888	31.9958872397644	5.39165367099834	49.8673231861691	-641.767316162639	39.3350318238811
2024-10-31 04:30:00	2024-10-31 06:30:00	329.716930472598	0.622815182014424	31.9710803803755	5.39548548713102	49.8235389305587	-641.541532720312	39.332206233227
2024-10-31 04:40:00	2024-10-31 06:40:00	329.716930472598	0.622873004056727	31.9177456326895	5.39595213386226	49.7913160032396	-639.987613048678	39.3321677829932
2024-10-31 04:50:00	2024-10-31 06:50:00	329.716930472598	0.622951958489146	31.8706125998506	5.40318181439028	49.6578880687612	-638.889444397081	39.3321172543709
2024-10-31 05:00:00	2024-10-31 07:00:00	329.716930472598	0.622999586011594	31.8619301990645	5.39955886230013	49.7572580279679	-638.830955404162	39.3320947693429
2024-10-31 05:10:00	2024-10-31 07:10:00	329.716930472598	0.623044346325333	31.8520074553089	5.39513859819944	49.8031209938898	-638.830997385888	39.3308336016766
2024-10-31 05:20:00	2024-10-31 07:20:00	329.716930472598	0.623133335988235	31.8470460834312	5.39757790481883	49.8432806351514	-638.653470833035	39.3231384978896
2024-10-31 05:30:00	2024-10-31 07:30:00	329.716930472598	0.623154161400512	31.8394997951129	5.39487899426552	49.8600046912067	-638.683252105136	39.2972546704863
2024-10-31 05:40:00	2024-10-31 07:40:00	329.716930472598	0.623165512441527	31.8433250545229	5.39941111560417	49.7947373311814	-636.959611250926	39.3317671482753
2024-10-31 05:50:00	2024-10-31 07:50:00	329.716930472598	0.623206715292608	31.8520074553089	5.39874359281187	49.7317031761249	-635.731276112698	39.3307554056035
2024-10-31 06:00:00	2024-10-31 08:00:00	329.716930472598	0.623275846880376	31.8520074553089	5.39512404645026	49.7786786948967	-635.708938455031	39.3318508611211
2024-10-31 06:10:00	2024-10-31 08:10:00	329.716930472598	0.623355757049031	31.860689856095	5.39777642783108	49.6500871743122	-635.707881763285	39.3321340554512
2024-10-31 06:20:00	2024-10-31 08:20:00	329.716930472598	0.623363827710583	31.8941791162699	5.3961149276861	49.7835584543288	-635.709073498416	39.330836819794
2024-10-31 06:30:00	2024-10-31 08:30:00	329.716930472598	0.623391066193321	31.9462735209866	5.39384770324108	49.8205030236416	-635.300286382675	39.3306991094461
2024-10-31 06:40:00	2024-10-31 08:40:00	329.716930472598	0.62340051736277	31.9934065538255	5.39860841635031	49.7637272453674	-633.985162408894	39.3389609362432
2024-10-31 06:50:00	2024-10-31 08:50:00	329.716930472598	0.623445967930457	32.0008486116421	5.39975967643885	49.677426851633	-632.606259094825	39.3309954688019
2024-10-31 07:00:00	2024-10-31 09:00:00	329.716930472598	0.623458551790903	32.0107713553977	5.39697793929613	49.7443767446778	-632.588198764176	39.3290998722792
2024-10-31 07:10:00	2024-10-31 09:10:00	329.716930472598	0.623462534025222	32.0740288468394	5.40227390908595	49.573341241703	-632.588188756149	39.3315076927851
2024-10-31 07:20:00	2024-10-31 09:20:00	329.716930472598	0.623459348237767	32.1199215367087	5.39988760798698	49.7075904490975	-632.588080747436	39.3318255759131
2024-10-31 07:30:00	2024-10-31 09:30:00	329.716930472598	0.623487785629593	32.1521913000146	5.39411675631547	49.9284251121101	-632.586931128373	39.3320287556159
2024-10-31 07:40:00	2024-10-31 09:40:00	298.315318046636	0.564041544998658	29.0878145519776	5.14062327697837	47.3963601865801	-602.463324543609	37.4592207465653
